CustomerID,Recency,Frequency,Monetary,Is_Churned
100001,33,7,20.0,0
100002,221,7,13.0,0
100003,240,4,7.0,0
100004,108,8,17.0,0
100005,142,7,16.0,0
100006,269,3,6.0,0
100007,356,3,3.0,1
100008,183,5,10.0,0
100009,626,3,8.0,1
100010,20,5,10.0,0
100011,326,3,7.0,1
100012,213,8,15.0,0
100013,599,1,2.0,1
100014,481,4,4.0,1
100015,573,2,5.0,1
100016,74,7,13.0,0
100017,19,10,17.0,0
100018,618,2,5.0,1
100019,23,5,13.0,0
100020,432,6,11.0,1
100021,172,6,13.0,0
100022,52,7,10.0,0
100023,889,1,4.0,1
100024,35,9,21.0,0
100025,135,6,14.0,0
100026,276,4,7.0,0
100027,129,2,2.0,0
100028,125,6,8.0,0
100029,61,7,10.0,0
100030,191,5,9.0,0
100031,809,1,1.0,1
100032,321,4,8.0,1
100033,200,7,19.0,0
100034,344,1,3.0,1
100035,299,4,10.0,1
100036,49,5,6.0,0
100037,24,3,7.0,0
100038,300,3,4.0,1
100039,89,5,11.0,0
100040,11,9,18.0,0
100041,17,7,12.0,0
100042,481,2,3.0,1
100043,300,7,11.0,1
100044,58,5,10.0,0
100045,444,6,10.0,1
100046,152,6,9.0,0
100047,547,3,5.0,1
100048,556,3,5.0,1
100049,29,7,17.0,0
100050,22,8,23.0,0
100051,82,7,13.0,0
100052,151,8,14.0,0
100053,115,11,23.0,0
100054,262,5,10.0,0
100055,81,2,2.0,0
100056,318,3,5.0,1
100057,26,5,8.0,0
100058,165,5,7.0,0
100059,2,3,8.0,0
100060,579,2,4.0,1
100061,165,9,18.0,0
100062,583,7,12.0,1
100063,205,5,10.0,0
100064,159,4,6.0,0
100065,361,5,9.0,1
100066,212,7,11.0,0
100067,191,7,12.0,0
100068,48,10,24.0,0
100069,48,10,23.0,0
100070,670,1,5.0,1
100071,186,6,15.0,0
100072,256,3,6.0,0
100073,31,3,4.0,0
100074,554,3,11.0,1
100075,7,10,16.0,0
100076,261,11,16.0,0
100077,57,5,7.0,0
100078,268,3,8.0,0
100079,385,3,3.0,1
100080,315,6,7.0,1
100081,67,5,9.0,0
100082,17,2,4.0,0
100083,12,8,16.0,0
100084,155,6,12.0,0
100085,297,6,11.0,1
100086,8,10,16.0,0
100087,376,2,7.0,1
100088,163,8,17.0,0
100089,112,4,5.0,0
100090,152,8,15.0,0
100091,187,5,6.0,0
100092,204,5,9.0,0
100093,269,4,11.0,0
100094,238,8,21.0,0
100095,51,10,20.0,0
100096,881,1,2.0,1
100097,519,3,5.0,1
100098,221,3,5.0,0
100099,487,2,4.0,1
100100,9,4,9.0,0
100101,663,2,3.0,1
100102,165,3,9.0,0
100103,85,7,14.0,0
100104,390,3,5.0,1
100106,12,6,7.0,0
100107,22,8,17.0,0
100108,168,7,16.0,0
100109,860,1,1.0,1
100110,20,7,13.0,0
100111,77,6,13.0,0
100112,181,4,6.0,0
100113,125,7,10.0,0
100114,33,3,9.0,0
100115,194,7,16.0,0
100116,495,4,7.0,1
100117,654,2,5.0,1
100118,473,2,3.0,1
100119,97,11,17.0,0
100120,164,3,6.0,0
100121,541,3,9.0,1
100122,271,1,3.0,0
100123,72,1,1.0,0
100124,204,3,5.0,0
100125,9,5,12.0,0
100126,269,3,5.0,0
100127,49,5,11.0,0
100128,54,6,11.0,0
100129,397,3,5.0,1
100130,452,3,5.0,1
100131,222,3,9.0,0
100132,29,9,12.0,0
100133,37,7,12.0,0
100134,11,8,17.0,0
100135,374,3,10.0,1
100136,79,7,10.0,0
100137,276,4,8.0,0
100138,353,4,10.0,1
100139,298,4,5.0,1
100140,137,10,13.0,0
100141,143,5,7.0,0
100142,45,7,11.0,0
100143,93,8,13.0,0
100144,77,7,16.0,0
100145,310,4,6.0,1
100146,209,1,3.0,0
100147,199,6,13.0,0
100148,447,4,7.0,1
100149,76,3,5.0,0
100150,237,1,5.0,0
100151,153,4,9.0,0
100152,279,5,10.0,0
100153,37,11,23.0,0
100154,465,4,7.0,1
100155,4,6,14.0,0
100156,201,3,3.0,0
100157,75,6,19.0,0
100158,17,7,11.0,0
100159,3,5,19.0,0
100160,174,5,10.0,0
100161,153,4,5.0,0
100162,275,6,8.0,0
100163,53,3,5.0,0
100164,144,5,8.0,0
100165,431,7,12.0,1
100166,63,9,16.0,0
100167,230,5,12.0,0
100168,200,4,11.0,0
100169,102,5,12.0,0
100170,202,6,8.0,0
100171,394,2,3.0,1
100172,217,4,4.0,0
100173,143,3,5.0,0
100174,270,2,5.0,0
100175,101,2,2.0,0
100176,261,7,16.0,0
100177,215,5,8.0,0
100178,170,5,15.0,0
100179,102,2,3.0,0
100180,298,5,17.0,1
100181,160,5,11.0,0
100182,39,3,7.0,0
100183,54,4,7.0,0
100184,59,8,14.0,0
100185,413,4,7.0,1
100186,197,2,3.0,0
100187,95,6,17.0,0
100188,201,2,2.0,0
100189,26,4,6.0,0
100190,870,2,4.0,1
100191,169,6,10.0,0
100192,409,3,4.0,1
100193,98,4,9.0,0
100194,324,6,9.0,1
100195,492,2,3.0,1
100196,83,7,18.0,0
100197,42,5,10.0,0
100198,361,3,6.0,1
100199,99,5,11.0,0
100200,413,5,11.0,1
100201,104,6,13.0,0
100202,82,4,8.0,0
100203,56,6,10.0,0
100204,421,6,7.0,1
100205,55,5,10.0,0
100206,151,4,8.0,0
100207,138,5,15.0,0
100208,236,5,9.0,0
100209,27,6,12.0,0
100210,33,8,14.0,0
100211,194,3,7.0,0
100212,54,6,16.0,0
100213,792,2,3.0,1
100214,34,5,10.0,0
100215,449,4,10.0,1
100216,212,5,8.0,0
100217,244,5,9.0,0
100218,37,7,20.0,0
100219,286,8,16.0,0
100220,304,8,13.0,1
100221,22,5,8.0,0
100222,407,3,6.0,1
100223,86,2,6.0,0
100224,24,10,14.0,0
100225,73,4,11.0,0
100226,313,7,9.0,1
100227,73,11,24.0,0
100228,17,8,11.0,0
100229,2,5,9.0,0
100230,219,6,10.0,0
100231,377,2,4.0,1
100232,85,6,13.0,0
100233,256,5,10.0,0
100234,226,4,4.0,0
100235,157,6,8.0,0
100236,53,3,9.0,0
100237,151,5,11.0,0
100238,179,4,5.0,0
100239,60,5,11.0,0
100240,136,3,7.0,0
100241,11,5,6.0,0
100242,133,3,4.0,0
100243,10,6,9.0,0
100244,18,7,13.0,0
100245,309,3,3.0,1
100246,121,4,4.0,0
100247,24,5,12.0,0
100248,383,1,2.0,1
100249,762,1,2.0,1
100251,183,10,12.0,0
100252,331,3,7.0,1
100253,8,5,8.0,0
100254,223,5,13.0,0
100255,355,6,14.0,1
100256,142,6,13.0,0
100257,342,4,7.0,1
100258,200,5,11.0,0
100259,80,8,19.0,0
100260,104,7,7.0,0
100261,206,4,6.0,0
100262,90,7,16.0,0
100263,440,2,2.0,1
100264,101,6,14.0,0
100266,419,3,5.0,1
100267,151,6,11.0,0
100268,114,5,9.0,0
100269,435,2,5.0,1
100270,498,4,6.0,1
100271,194,4,9.0,0
100272,200,4,6.0,0
100273,93,6,7.0,0
100274,29,9,13.0,0
100275,89,5,7.0,0
100276,123,4,4.0,0
100277,200,6,11.0,0
100278,132,7,13.0,0
100279,26,10,22.0,0
100280,164,8,19.0,0
100281,276,4,8.0,0
100282,15,4,13.0,0
100283,145,7,18.0,0
100284,47,7,18.0,0
100285,38,4,7.0,0
100286,254,7,16.0,0
100287,219,6,10.0,0
100288,345,6,14.0,1
100289,178,9,16.0,0
100290,159,3,9.0,0
100291,179,5,10.0,0
100292,25,11,27.0,0
100293,76,2,3.0,0
100294,87,3,8.0,0
100295,163,2,3.0,0
100296,11,4,6.0,0
100297,760,3,5.0,1
100298,248,5,12.0,0
100299,345,4,5.0,1
100300,39,8,20.0,0
100301,202,6,13.0,0
100302,14,7,14.0,0
100303,312,8,19.0,1
100304,266,3,8.0,0
100305,95,3,4.0,0
100306,119,8,18.0,0
100307,34,7,11.0,0
100308,285,4,6.0,0
100309,120,3,3.0,0
100310,192,4,11.0,0
100311,72,5,7.0,0
100312,276,2,5.0,0
100313,166,4,8.0,0
100314,151,7,12.0,0
100315,203,1,4.0,0
100316,74,11,17.0,0
100317,102,3,6.0,0
100318,305,8,17.0,1
100319,480,3,4.0,1
100320,30,5,8.0,0
100321,843,2,4.0,1
100322,225,3,7.0,0
100323,339,6,16.0,1
100324,60,7,20.0,0
100325,103,5,8.0,0
100326,638,4,9.0,1
100327,274,9,18.0,0
100328,239,5,10.0,0
100329,404,4,7.0,1
100330,55,6,9.0,0
100331,545,3,5.0,1
100332,191,6,16.0,0
100333,334,5,14.0,1
100334,347,4,8.0,1
100335,218,3,5.0,0
100336,266,6,15.0,0
100337,54,5,12.0,0
100338,320,4,10.0,1
100339,277,4,8.0,0
100340,160,6,10.0,0
100341,252,4,6.0,0
100342,65,7,10.0,0
100343,289,9,11.0,1
100344,472,5,5.0,1
100345,118,6,9.0,0
100346,251,10,16.0,0
100347,252,7,17.0,0
100348,668,7,15.0,1
100349,134,6,12.0,0
100350,160,7,12.0,0
100351,134,6,11.0,0
100352,754,1,2.0,1
100353,43,7,20.0,0
100354,114,6,15.0,0
100355,56,6,11.0,0
100356,274,7,8.0,0
100357,175,6,8.0,0
100358,115,6,11.0,0
100359,21,3,7.0,0
100360,13,4,9.0,0
100361,82,3,5.0,0
100362,76,5,5.0,0
100363,135,4,6.0,0
100364,66,5,10.0,0
100365,138,6,10.0,0
100366,617,2,6.0,1
100367,332,6,6.0,1
100368,48,3,5.0,0
100369,482,5,8.0,1
100370,252,3,5.0,0
100371,172,7,12.0,0
100372,368,5,16.0,1
100373,266,6,10.0,0
100374,47,8,16.0,0
100375,150,7,14.0,0
100376,547,3,5.0,1
100377,147,6,13.0,0
100378,110,6,9.0,0
100379,253,5,10.0,0
100380,231,7,9.0,0
100381,215,5,14.0,0
100382,319,4,11.0,1
100383,198,3,9.0,0
100384,138,4,8.0,0
100385,386,3,6.0,1
100386,96,4,8.0,0
100387,265,7,18.0,0
100388,289,4,9.0,1
100389,394,6,10.0,1
100390,132,9,21.0,0
100391,44,4,7.0,0
100392,484,3,6.0,1
100393,188,4,7.0,0
100394,191,4,8.0,0
100395,339,4,8.0,1
100396,116,6,9.0,0
100397,493,3,4.0,1
100398,208,3,10.0,0
100399,272,7,14.0,0
100400,329,7,14.0,1
100401,337,2,2.0,1
100402,176,5,10.0,0
100403,85,5,6.0,0
100404,157,7,11.0,0
100405,36,7,11.0,0
100406,291,8,17.0,1
100407,256,8,8.0,0
100408,103,4,6.0,0
100409,94,6,8.0,0
100410,233,4,6.0,0
100411,289,2,6.0,1
100412,177,3,3.0,0
100413,64,4,8.0,0
100414,167,6,9.0,0
100415,126,8,14.0,0
100416,62,8,16.0,0
100417,236,11,17.0,0
100418,267,7,14.0,0
100419,214,4,13.0,0
100420,210,3,3.0,0
100421,532,3,8.0,1
100422,352,3,4.0,1
100423,4,6,7.0,0
100424,112,8,17.0,0
100425,25,5,8.0,0
100426,402,3,6.0,1
100427,67,8,16.0,0
100428,535,7,10.0,1
100429,31,3,8.0,0
100430,17,7,15.0,0
100431,97,5,9.0,0
100432,636,1,2.0,1
100433,622,1,2.0,1
100434,7,6,10.0,0
100435,333,4,4.0,1
100436,28,8,13.0,0
100437,210,3,6.0,0
100438,335,4,9.0,1
100439,441,5,13.0,1
100440,103,3,7.0,0
100441,18,9,16.0,0
100442,591,2,7.0,1
100443,194,5,9.0,0
100444,195,5,11.0,0
100445,366,8,17.0,1
100446,606,2,2.0,1
100447,249,3,4.0,0
100448,37,4,5.0,0
100449,718,2,5.0,1
100450,206,3,6.0,0
100451,190,4,9.0,0
100452,259,4,4.0,0
100453,110,6,11.0,0
100454,122,5,7.0,0
100455,385,7,12.0,1
100456,79,6,7.0,0
100457,228,4,4.0,0
100458,96,7,17.0,0
100459,308,6,12.0,1
100460,55,6,15.0,0
100461,172,4,9.0,0
100462,49,5,11.0,0
100463,295,6,11.0,1
100464,160,2,5.0,0
100465,459,6,13.0,1
100466,493,4,9.0,1
100467,260,3,8.0,0
100468,773,1,1.0,1
100469,391,3,4.0,1
100470,214,5,7.0,0
100471,289,4,7.0,1
100472,264,8,11.0,0
100473,318,5,7.0,1
100474,232,3,5.0,0
100475,291,7,10.0,1
100476,33,8,16.0,0
100477,570,2,4.0,1
100478,176,3,7.0,0
100479,333,6,14.0,1
100480,187,6,12.0,0
100481,171,3,4.0,0
100482,75,6,14.0,0
100483,812,1,1.0,1
100484,93,6,13.0,0
100485,100,2,6.0,0
100486,31,6,9.0,0
100487,386,4,6.0,1
100488,157,10,23.0,0
100489,222,5,6.0,0
100490,396,3,5.0,1
100491,226,8,10.0,0
100492,453,4,5.0,1
100493,333,1,2.0,1
100494,247,4,9.0,0
100495,237,5,8.0,0
100496,23,8,12.0,0
100497,333,3,5.0,1
100498,470,4,13.0,1
100500,153,3,4.0,0
100501,60,6,17.0,0
100502,41,7,18.0,0
100503,184,4,8.0,0
100504,187,2,3.0,0
100505,99,9,24.0,0
100506,245,4,4.0,0
100507,690,2,4.0,1
100508,94,8,17.0,0
100509,52,8,15.0,0
100510,222,5,7.0,0
100511,343,6,8.0,1
100512,211,2,3.0,0
100513,172,7,14.0,0
100514,41,4,6.0,0
100515,44,4,9.0,0
100516,99,10,18.0,0
100517,41,4,9.0,0
100518,410,4,5.0,1
100519,26,5,9.0,0
100520,445,3,4.0,1
100521,55,7,10.0,0
100522,158,4,8.0,0
100523,12,6,11.0,0
100524,142,4,8.0,0
100525,32,10,20.0,0
100526,90,3,6.0,0
100527,661,7,10.0,1
100528,291,7,15.0,1
100529,17,8,10.0,0
100530,38,7,11.0,0
100531,83,4,9.0,0
100532,67,1,2.0,0
100533,256,4,12.0,0
100534,13,6,12.0,0
100535,402,1,1.0,1
100536,1,9,19.0,0
100537,277,9,14.0,0
100538,421,5,9.0,1
100539,47,9,25.0,0
100540,191,9,17.0,0
100541,90,5,8.0,0
100542,181,7,17.0,0
100543,150,5,12.0,0
100544,37,7,14.0,0
100545,213,4,7.0,0
100546,17,8,13.0,0
100547,227,5,11.0,0
100548,321,3,8.0,1
100549,428,2,6.0,1
100550,116,5,10.0,0
100551,241,10,17.0,0
100552,578,3,4.0,1
100553,21,2,2.0,0
100554,508,5,9.0,1
100555,158,8,18.0,0
100556,11,5,6.0,0
100557,9,4,9.0,0
100558,415,3,8.0,1
100559,111,5,11.0,0
100560,165,3,6.0,0
100561,17,6,6.0,0
100562,8,2,2.0,0
100563,21,2,3.0,0
100564,57,5,10.0,0
100565,226,3,7.0,0
100566,137,4,5.0,0
100567,40,3,10.0,0
100568,123,8,13.0,0
100569,254,4,5.0,0
100570,164,5,13.0,0
100571,333,5,10.0,1
100572,156,6,18.0,0
100573,145,7,13.0,0
100574,741,1,2.0,1
100575,2,9,17.0,0
100576,560,2,5.0,1
100578,225,6,10.0,0
100579,125,3,6.0,0
100580,550,2,2.0,1
100581,3,9,20.0,0
100582,87,6,11.0,0
100583,359,1,1.0,1
100585,246,5,12.0,0
100586,151,8,15.0,0
100587,142,7,14.0,0
100588,151,7,13.0,0
100589,644,5,10.0,1
100590,126,4,6.0,0
100591,377,3,3.0,1
100592,68,7,15.0,0
100593,81,3,7.0,0
100594,79,7,14.0,0
100595,794,3,3.0,1
100596,68,6,20.0,0
100597,345,2,4.0,1
100598,44,2,3.0,0
100599,17,8,13.0,0
100600,318,1,1.0,1
100601,170,6,9.0,0
100602,28,9,17.0,0
100603,99,2,4.0,0
100604,207,6,9.0,0
100605,167,6,16.0,0
100606,151,5,10.0,0
100607,61,3,4.0,0
100608,230,5,9.0,0
100609,100,6,13.0,0
100610,43,5,8.0,0
100611,131,8,15.0,0
100612,9,6,12.0,0
100613,116,4,7.0,0
100614,389,3,5.0,1
100615,215,5,8.0,0
100616,180,6,9.0,0
100617,140,6,10.0,0
100618,402,5,8.0,1
100619,220,5,9.0,0
100620,57,3,7.0,0
100621,482,4,8.0,1
100622,268,4,9.0,0
100623,226,3,8.0,0
100624,412,4,5.0,1
100625,24,3,6.0,0
100626,293,2,3.0,1
100627,265,5,10.0,0
100628,494,2,3.0,1
100629,208,6,9.0,0
100630,143,2,4.0,0
100631,113,8,21.0,0
100632,166,7,10.0,0
100633,156,7,13.0,0
100634,105,6,11.0,0
100635,75,5,9.0,0
100636,88,4,5.0,0
100637,272,3,5.0,0
100638,97,10,20.0,0
100639,253,2,8.0,0
100640,17,10,18.0,0
100641,344,3,3.0,1
100642,96,7,20.0,0
100643,172,6,12.0,0
100644,56,7,21.0,0
100645,141,6,12.0,0
100646,34,10,22.0,0
100647,11,3,8.0,0
100648,691,3,4.0,1
100649,846,1,3.0,1
100650,12,8,19.0,0
100651,303,6,10.0,1
100652,248,7,15.0,0
100653,220,5,13.0,0
100654,239,3,6.0,0
100655,16,6,10.0,0
100656,151,6,14.0,0
100657,408,5,11.0,1
100658,350,3,6.0,1
100659,195,7,13.0,0
100660,86,3,5.0,0
100661,355,7,11.0,1
100662,82,6,8.0,0
100663,151,4,5.0,0
100664,387,5,12.0,1
100665,155,5,9.0,0
100666,34,3,11.0,0
100667,69,7,9.0,0
100669,3,7,17.0,0
100670,156,5,13.0,0
100671,83,11,22.0,0
100672,15,3,10.0,0
100673,417,3,7.0,1
100674,12,8,12.0,0
100675,393,2,2.0,1
100676,897,1,2.0,1
100677,37,10,25.0,0
100678,178,7,8.0,0
100679,206,5,10.0,0
100680,249,3,3.0,0
100681,95,5,9.0,0
100682,115,9,20.0,0
100683,59,5,10.0,0
100684,136,3,6.0,0
100685,26,8,15.0,0
100686,283,4,6.0,0
100687,382,4,12.0,1
100688,35,5,8.0,0
100689,535,2,5.0,1
100690,39,5,5.0,0
100691,72,10,15.0,0
100692,157,5,9.0,0
100693,207,5,8.0,0
100694,439,2,3.0,1
100695,51,5,9.0,0
100696,67,4,5.0,0
100697,4,7,10.0,0
100698,21,9,19.0,0
100699,152,3,4.0,0
100700,299,1,1.0,1
100701,24,4,4.0,0
100702,120,5,7.0,0
100703,275,4,8.0,0
100704,148,3,5.0,0
100705,397,1,1.0,1
100706,235,3,5.0,0
100707,225,5,7.0,0
100708,393,3,5.0,1
100709,351,5,9.0,1
100710,112,5,9.0,0
100711,250,6,10.0,0
100712,194,6,10.0,0
100713,47,8,17.0,0
100714,59,8,14.0,0
100715,242,3,6.0,0
100716,420,2,3.0,1
100717,90,9,14.0,0
100718,328,6,13.0,1
100719,100,6,9.0,0
100720,58,4,10.0,0
100721,117,7,10.0,0
100722,810,2,3.0,1
100723,260,2,4.0,0
100724,244,6,9.0,0
100725,9,3,4.0,0
100726,305,6,10.0,1
100727,173,3,3.0,0
100728,48,8,9.0,0
100729,57,7,14.0,0
100730,271,5,11.0,0
100731,11,7,13.0,0
100732,460,2,5.0,1
100733,48,5,16.0,0
100734,224,5,15.0,0
100735,292,4,8.0,1
100737,81,5,8.0,0
100738,329,5,8.0,1
100739,14,2,2.0,0
100740,78,4,9.0,0
100741,30,5,8.0,0
100742,256,6,13.0,0
100743,176,7,12.0,0
100744,145,4,6.0,0
100745,365,4,5.0,1
100746,245,4,7.0,0
100747,76,4,9.0,0
100748,294,8,15.0,1
100749,9,7,14.0,0
100750,156,5,11.0,0
100751,285,4,12.0,0
100752,563,3,4.0,1
100753,37,6,10.0,0
100754,274,10,14.0,0
100755,102,2,2.0,0
100756,112,9,18.0,0
100757,338,3,5.0,1
100758,153,6,14.0,0
100759,49,8,13.0,0
100760,115,4,6.0,0
100761,221,10,18.0,0
100762,228,5,9.0,0
100763,726,2,2.0,1
100764,73,3,7.0,0
100765,75,8,16.0,0
100766,310,3,3.0,1
100767,347,3,8.0,1
100768,20,6,10.0,0
100769,406,3,8.0,1
100770,261,7,12.0,0
100771,120,9,14.0,0
100772,32,8,13.0,0
100773,73,4,4.0,0
100774,215,5,10.0,0
100775,57,5,8.0,0
100776,224,5,10.0,0
100777,599,3,6.0,1
100778,347,6,11.0,1
100779,709,1,2.0,1
100780,318,5,11.0,1
100781,686,4,7.0,1
100782,262,8,15.0,0
100783,53,7,11.0,0
100784,255,3,5.0,0
100785,57,2,3.0,0
100786,154,3,4.0,0
100787,227,4,6.0,0
100788,453,4,7.0,1
100789,244,7,12.0,0
100790,23,4,5.0,0
100791,117,6,9.0,0
100792,125,4,9.0,0
100793,69,8,11.0,0
100794,63,4,6.0,0
100795,189,6,12.0,0
100796,15,7,12.0,0
100797,27,11,20.0,0
100798,257,2,3.0,0
100799,138,3,8.0,0
100800,280,2,5.0,0
100801,144,5,8.0,0
100802,213,3,5.0,0
100803,173,5,8.0,0
100804,423,6,9.0,1
100805,2,8,12.0,0
100806,33,6,11.0,0
100807,193,4,5.0,0
100808,448,3,5.0,1
100809,66,5,6.0,0
100810,12,5,16.0,0
100811,133,4,8.0,0
100812,16,9,18.0,0
100813,126,8,16.0,0
100814,55,6,9.0,0
100815,39,4,5.0,0
100816,170,6,16.0,0
100817,159,2,5.0,0
100818,106,5,6.0,0
100819,130,7,10.0,0
100820,33,4,9.0,0
100821,245,5,8.0,0
100822,227,2,4.0,0
100823,411,3,4.0,1
100824,550,4,4.0,1
100825,34,3,6.0,0
100826,85,8,13.0,0
100827,333,7,17.0,1
100828,316,3,3.0,1
100829,696,1,3.0,1
100830,218,6,14.0,0
100831,448,1,1.0,1
100832,317,7,14.0,1
100833,281,3,10.0,0
100834,68,11,19.0,0
100835,11,4,10.0,0
100836,46,9,16.0,0
100837,576,3,3.0,1
100838,95,5,10.0,0
100839,11,5,13.0,0
100840,123,4,7.0,0
100841,283,4,7.0,0
100842,174,4,4.0,0
100843,148,4,8.0,0
100844,268,2,4.0,0
100845,2,3,7.0,0
100846,24,8,15.0,0
100847,4,9,17.0,0
100848,446,3,5.0,1
100849,116,7,17.0,0
100850,552,4,11.0,1
100851,54,6,15.0,0
100852,105,5,5.0,0
100853,90,3,5.0,0
100854,478,2,4.0,1
100855,20,7,16.0,0
100856,281,3,9.0,0
100857,370,4,5.0,1
100858,129,5,10.0,0
100859,36,7,13.0,0
100860,89,6,12.0,0
100861,152,3,4.0,0
100862,170,1,2.0,0
100863,13,6,12.0,0
100864,53,4,9.0,0
100865,95,8,19.0,0
100866,198,5,12.0,0
100867,112,8,14.0,0
100868,569,4,12.0,1
100869,146,7,10.0,0
100870,287,5,9.0,1
100871,258,6,12.0,0
100872,95,3,4.0,0
100873,254,7,10.0,0
100874,118,6,12.0,0
100875,479,6,9.0,1
100876,36,8,14.0,0
100877,297,3,6.0,1
100878,188,7,13.0,0
100879,719,1,2.0,1
100880,380,3,14.0,1
100881,72,5,9.0,0
100882,267,4,5.0,0
100883,28,6,13.0,0
100884,297,3,5.0,1
100885,247,5,9.0,0
100886,238,5,9.0,0
100887,306,5,7.0,1
100889,396,5,13.0,1
100890,58,7,12.0,0
100891,52,10,16.0,0
100892,4,5,9.0,0
100893,165,4,5.0,0
100894,155,5,6.0,0
100895,59,6,9.0,0
100896,106,5,10.0,0
100897,179,4,6.0,0
100898,272,3,6.0,0
100899,9,6,13.0,0
100900,198,6,9.0,0
100901,27,7,14.0,0
100902,89,3,5.0,0
100903,47,5,9.0,0
100904,318,6,8.0,1
100905,189,8,17.0,0
100906,17,9,21.0,0
100907,55,8,14.0,0
100908,205,5,10.0,0
100909,617,2,3.0,1
100910,148,3,5.0,0
100911,388,7,21.0,1
100912,317,2,2.0,1
100913,4,5,8.0,0
100914,206,6,19.0,0
100915,77,8,19.0,0
100916,174,6,12.0,0
100917,203,9,19.0,0
100918,487,3,7.0,1
100919,157,5,15.0,0
100920,101,2,3.0,0
100921,304,4,9.0,1
100922,162,6,12.0,0
100923,199,7,15.0,0
100924,205,2,2.0,0
100925,36,9,15.0,0
100926,35,4,9.0,0
100927,402,3,5.0,1
100928,128,9,19.0,0
100929,51,6,9.0,0
100930,299,5,13.0,1
100931,94,7,12.0,0
100932,123,7,11.0,0
100933,136,6,12.0,0
100934,213,7,8.0,0
100935,224,3,6.0,0
100936,395,5,5.0,1
100937,56,5,8.0,0
100938,124,4,11.0,0
100939,168,1,1.0,0
100940,306,4,10.0,1
100941,307,6,13.0,1
100942,90,4,9.0,0
100944,154,6,9.0,0
100945,747,2,2.0,1
100946,121,7,18.0,0
100947,52,5,14.0,0
100948,417,1,1.0,1
100949,234,4,8.0,0
100950,43,4,9.0,0
100951,182,7,13.0,0
100952,380,3,5.0,1
100953,183,4,5.0,0
100954,145,5,9.0,0
100955,209,6,11.0,0
100956,32,2,4.0,0
100957,79,5,10.0,0
100958,41,5,11.0,0
100959,231,5,7.0,0
100960,288,5,7.0,1
100961,331,2,5.0,1
100962,64,4,10.0,0
100963,398,4,7.0,1
100964,49,7,10.0,0
100965,250,4,8.0,0
100966,658,3,8.0,1
100967,450,7,12.0,1
100968,234,4,7.0,0
100969,340,4,6.0,1
100970,190,4,7.0,0
100971,541,2,2.0,1
100972,2,5,8.0,0
100973,307,4,9.0,1
100974,230,4,5.0,0
100975,4,6,12.0,0
100976,103,3,5.0,0
100977,62,7,9.0,0
100978,303,7,11.0,1
100979,182,2,5.0,0
100980,125,6,9.0,0
100981,56,5,8.0,0
100982,91,7,11.0,0
100983,90,6,15.0,0
100984,159,7,10.0,0
100985,177,7,13.0,0
100986,204,10,19.0,0
100987,459,5,14.0,1
100988,154,9,17.0,0
100989,227,4,7.0,0
100990,110,6,8.0,0
100991,67,6,7.0,0
100992,185,2,5.0,0
100993,39,5,6.0,0
100994,61,7,19.0,0
100995,116,7,16.0,0
100996,143,8,17.0,0
100997,353,5,10.0,1
100998,192,7,8.0,0
100999,108,5,10.0,0
101000,759,1,1.0,1
101001,102,9,16.0,0
101002,71,1,1.0,0
101003,4,7,13.0,0
101004,199,6,9.0,0
101005,326,5,6.0,1
101006,285,3,6.0,0
101007,246,3,6.0,0
101008,417,3,3.0,1
101009,91,8,12.0,0
101010,48,11,20.0,0
101011,56,7,10.0,0
101012,232,5,10.0,0
101013,6,5,9.0,0
101014,141,5,13.0,0
101015,4,7,14.0,0
101016,170,8,13.0,0
101017,55,8,15.0,0
101018,255,5,12.0,0
101019,72,10,20.0,0
101020,67,2,2.0,0
101021,160,5,9.0,0
101022,257,4,8.0,0
101023,187,4,11.0,0
101024,87,10,19.0,0
101025,19,4,7.0,0
101026,115,4,5.0,0
101027,47,7,19.0,0
101028,370,2,5.0,1
101029,220,4,6.0,0
101030,9,13,27.0,0
101031,180,4,9.0,0
101032,214,5,6.0,0
101033,172,2,2.0,0
101034,187,7,14.0,0
101035,176,5,15.0,0
101036,79,6,11.0,0
101037,62,3,9.0,0
101038,241,4,11.0,0
101039,196,7,12.0,0
101040,195,5,9.0,0
101041,565,3,6.0,1
101042,100,4,6.0,0
101043,403,3,4.0,1
101044,215,3,7.0,0
101045,591,4,11.0,1
101046,541,5,10.0,1
101047,121,5,14.0,0
101048,107,6,9.0,0
101049,226,4,8.0,0
101050,195,9,26.0,0
101051,235,6,14.0,0
101052,115,4,7.0,0
101053,72,5,13.0,0
101054,1,8,12.0,0
101055,253,5,9.0,0
101056,331,6,12.0,1
101057,606,2,4.0,1
101058,96,5,10.0,0
101059,240,4,8.0,0
101060,213,3,6.0,0
101061,89,8,12.0,0
101062,134,6,15.0,0
101063,264,6,9.0,0
101064,1,6,14.0,0
101065,8,3,11.0,0
101066,507,2,2.0,1
101067,385,3,3.0,1
101068,573,3,4.0,1
101069,135,4,4.0,0
101070,110,6,13.0,0
101071,275,4,6.0,0
101072,595,1,3.0,1
101073,78,6,9.0,0
101074,160,5,10.0,0
101075,143,5,11.0,0
101076,541,2,3.0,1
101077,61,6,15.0,0
101078,163,1,2.0,0
101079,39,6,12.0,0
101080,223,6,14.0,0
101081,61,7,13.0,0
101082,114,10,24.0,0
101083,164,8,14.0,0
101084,199,6,12.0,0
101085,497,6,10.0,1
101086,13,9,20.0,0
101087,44,6,9.0,0
101088,21,7,8.0,0
101089,48,5,7.0,0
101090,36,3,10.0,0
101091,102,8,16.0,0
101092,2,10,23.0,0
101093,88,5,12.0,0
101094,187,5,8.0,0
101095,10,5,6.0,0
101096,118,3,9.0,0
101097,42,7,20.0,0
101098,56,9,13.0,0
101099,267,3,6.0,0
101100,430,3,5.0,1
101101,118,4,7.0,0
101102,179,3,4.0,0
101103,208,8,13.0,0
101104,169,5,5.0,0
101105,182,3,7.0,0
101106,153,3,10.0,0
101107,78,8,24.0,0
101108,56,9,18.0,0
101109,294,8,16.0,1
101110,187,3,5.0,0
101111,184,5,8.0,0
101112,650,4,6.0,1
101113,280,5,12.0,0
101114,109,6,14.0,0
101115,35,4,9.0,0
101116,123,5,10.0,0
101117,116,5,8.0,0
101118,247,6,12.0,0
101119,90,8,17.0,0
101120,293,9,17.0,1
101121,318,2,3.0,1
101122,282,6,10.0,0
101123,91,4,7.0,0
101124,257,3,12.0,0
101125,237,6,11.0,0
101126,2,8,15.0,0
101127,185,3,6.0,0
101128,183,3,4.0,0
101129,202,5,14.0,0
101130,241,6,11.0,0
101131,88,7,9.0,0
101132,18,7,13.0,0
101133,300,5,9.0,1
101134,38,7,16.0,0
101135,172,4,6.0,0
101136,21,5,7.0,0
101137,37,9,23.0,0
101138,165,7,13.0,0
101139,112,5,11.0,0
101140,484,3,7.0,1
101141,132,6,12.0,0
101142,494,4,6.0,1
101143,483,4,8.0,1
101144,66,2,3.0,0
101145,3,4,7.0,0
101146,232,5,9.0,0
101147,158,4,10.0,0
101148,32,8,14.0,0
101149,328,4,6.0,1
101150,58,5,9.0,0
101151,43,6,12.0,0
101152,565,4,7.0,1
101153,184,5,5.0,0
101154,225,2,4.0,0
101155,36,9,14.0,0
101156,103,5,7.0,0
101157,43,6,13.0,0
101158,175,10,17.0,0
101159,9,4,5.0,0
101160,179,7,15.0,0
101161,548,1,1.0,1
101162,12,9,17.0,0
101163,28,3,5.0,0
101164,21,10,20.0,0
101165,90,4,4.0,0
101166,268,4,8.0,0
101167,91,8,17.0,0
101168,130,2,3.0,0
101169,36,7,19.0,0
101170,299,2,3.0,1
101171,80,5,7.0,0
101172,92,3,6.0,0
101173,235,3,5.0,0
101174,296,4,7.0,1
101175,49,6,16.0,0
101176,5,7,13.0,0
101177,219,7,12.0,0
101178,171,4,8.0,0
101179,456,2,6.0,1
101180,599,3,5.0,1
101181,497,6,11.0,1
101182,312,5,7.0,1
101183,347,3,7.0,1
101184,465,3,7.0,1
101185,644,3,11.0,1
101186,346,2,3.0,1
101187,34,8,14.0,0
101188,163,7,10.0,0
101189,35,4,10.0,0
101190,204,3,7.0,0
101191,19,6,8.0,0
101192,146,2,2.0,0
101193,493,4,8.0,1
101194,21,7,13.0,0
101195,51,7,9.0,0
101196,509,4,13.0,1
101197,88,6,9.0,0
101198,185,4,6.0,0
101199,76,4,12.0,0
101200,158,5,9.0,0
101201,69,5,9.0,0
101202,379,5,11.0,1
101203,213,4,5.0,0
101204,5,3,3.0,0
101205,113,5,10.0,0
101206,263,3,8.0,0
101207,284,4,7.0,0
101208,26,9,21.0,0
101209,86,4,8.0,0
101210,56,3,4.0,0
101211,102,7,13.0,0
101212,164,3,6.0,0
101213,250,7,20.0,0
101214,645,4,6.0,1
101215,430,2,4.0,1
101216,73,7,11.0,0
101217,102,4,7.0,0
101218,262,3,5.0,0
101219,17,5,8.0,0
101220,21,8,15.0,0
101221,125,9,13.0,0
101222,65,8,15.0,0
101223,98,4,9.0,0
101224,21,8,13.0,0
101225,288,4,6.0,1
101226,84,5,11.0,0
101227,123,5,9.0,0
101228,219,4,7.0,0
101229,59,6,17.0,0
101230,547,3,3.0,1
101231,510,3,5.0,1
101232,284,5,9.0,0
101233,412,3,5.0,1
101234,276,9,12.0,0
101235,289,2,2.0,1
101236,265,5,12.0,0
101237,10,8,17.0,0
101238,45,1,1.0,0
101239,60,9,13.0,0
101240,93,5,11.0,0
101241,21,6,11.0,0
101242,587,1,2.0,1
101243,515,2,3.0,1
101244,275,4,7.0,0
101245,294,4,10.0,1
101246,180,7,11.0,0
101247,326,4,10.0,1
101248,37,2,4.0,0
101249,529,3,5.0,1
101250,285,9,27.0,0
101251,351,2,4.0,1
101252,219,6,9.0,0
101253,14,7,15.0,0
101254,53,8,18.0,0
101255,60,11,19.0,0
101256,65,6,12.0,0
101257,164,4,14.0,0
101258,177,7,15.0,0
101259,91,4,9.0,0
101260,326,4,9.0,1
101261,326,6,17.0,1
101262,47,4,8.0,0
101263,60,3,7.0,0
101264,466,3,6.0,1
101265,178,4,8.0,0
101266,276,3,8.0,0
101267,334,7,17.0,1
101268,397,1,3.0,1
101269,244,6,11.0,0
101270,339,7,11.0,1
101271,65,8,13.0,0
101272,92,6,12.0,0
101273,636,2,3.0,1
101274,17,6,10.0,0
101275,140,6,9.0,0
101276,302,5,11.0,1
101277,254,4,8.0,0
101278,307,7,17.0,1
101279,25,5,14.0,0
101281,314,3,6.0,1
101282,265,3,5.0,0
101283,101,6,8.0,0
101284,285,5,16.0,0
101285,210,8,17.0,0
101286,176,8,18.0,0
101287,99,4,6.0,0
101288,176,9,18.0,0
101289,113,1,1.0,0
101290,52,5,6.0,0
101291,62,3,4.0,0
101292,95,9,13.0,0
101293,36,6,10.0,0
101294,268,3,10.0,0
101295,42,7,14.0,0
101296,112,5,10.0,0
101297,552,4,9.0,1
101298,317,4,5.0,1
101299,31,6,6.0,0
101300,104,7,17.0,0
101301,126,5,14.0,0
101302,117,8,12.0,0
101303,88,5,10.0,0
101304,69,7,16.0,0
101305,43,9,18.0,0
101306,116,4,5.0,0
101307,153,4,9.0,0
101308,3,6,14.0,0
101309,20,4,7.0,0
101310,115,5,11.0,0
101311,156,3,3.0,0
101312,776,2,3.0,1
101313,138,6,8.0,0
101314,243,2,6.0,0
101315,407,7,7.0,1
101316,398,3,4.0,1
101317,189,1,1.0,0
101318,746,2,2.0,1
101319,540,5,10.0,1
101320,46,3,10.0,0
101321,343,5,10.0,1
101322,487,4,6.0,1
101323,288,6,10.0,1
101324,103,7,13.0,0
101325,215,8,15.0,0
101326,186,4,11.0,0
101327,85,7,13.0,0
101328,120,7,12.0,0
101329,591,5,5.0,1
101330,134,5,10.0,0
101331,156,4,8.0,0
101332,255,3,7.0,0
101333,206,5,11.0,0
101334,93,5,6.0,0
101335,102,4,7.0,0
101336,57,8,14.0,0
101337,87,5,9.0,0
101338,228,3,6.0,0
101339,26,10,16.0,0
101340,356,6,11.0,1
101341,54,7,13.0,0
101342,202,4,8.0,0
101343,148,5,11.0,0
101344,47,3,6.0,0
101345,94,7,11.0,0
101346,78,7,14.0,0
101347,83,6,8.0,0
101348,233,3,8.0,0
101349,146,4,10.0,0
101350,412,4,10.0,1
101351,5,4,9.0,0
101352,235,8,12.0,0
101353,486,3,9.0,1
101354,467,3,5.0,1
101355,129,6,8.0,0
101356,147,5,7.0,0
101357,168,8,12.0,0
101358,199,3,8.0,0
101359,92,4,6.0,0
101360,108,3,5.0,0
101361,136,8,15.0,0
101362,12,5,9.0,0
101363,73,5,10.0,0
101364,473,3,6.0,1
101365,23,4,5.0,0
101366,59,10,19.0,0
101367,433,4,6.0,1
101368,443,4,10.0,1
101369,62,3,5.0,0
101370,426,5,10.0,1
101371,365,3,3.0,1
101372,437,2,3.0,1
101373,366,5,7.0,1
101374,222,7,13.0,0
101375,177,6,10.0,0
101376,117,6,6.0,0
101377,431,2,3.0,1
101378,214,3,6.0,0
101379,96,5,9.0,0
101380,123,6,9.0,0
101381,277,4,5.0,0
101382,423,7,12.0,1
101383,34,5,6.0,0
101384,169,2,3.0,0
101385,319,5,5.0,1
101386,411,3,4.0,1
101387,27,7,14.0,0
101388,344,3,3.0,1
101389,123,2,3.0,0
101390,161,4,8.0,0
101391,27,7,12.0,0
101392,161,3,5.0,0
101393,142,2,2.0,0
101394,356,3,3.0,1
101395,9,3,5.0,0
101396,311,6,23.0,1
101397,89,7,15.0,0
101398,157,4,6.0,0
101399,267,6,11.0,0
101400,32,6,11.0,0
101401,282,5,9.0,0
101402,170,2,6.0,0
101403,741,1,1.0,1
101404,405,3,8.0,1
101405,28,6,10.0,0
101406,366,3,4.0,1
101407,604,4,9.0,1
101408,196,3,5.0,0
101409,461,4,5.0,1
101410,772,2,6.0,1
101411,201,5,8.0,0
101412,45,3,4.0,0
101413,65,6,7.0,0
101414,30,3,6.0,0
101415,101,5,7.0,0
101416,323,4,7.0,1
101417,45,4,6.0,0
101418,17,8,19.0,0
101419,80,7,18.0,0
101420,61,5,8.0,0
101421,23,7,14.0,0
101422,233,6,18.0,0
101423,654,1,2.0,1
101424,173,4,5.0,0
101425,173,6,19.0,0
101426,165,8,13.0,0
101427,20,7,14.0,0
101428,100,6,8.0,0
101429,11,4,8.0,0
101430,67,6,10.0,0
101431,271,3,5.0,0
101432,224,6,10.0,0
101433,14,2,4.0,0
101434,227,7,15.0,0
101435,120,2,2.0,0
101436,25,5,11.0,0
101437,116,2,2.0,0
101438,29,6,16.0,0
101439,166,9,17.0,0
101440,385,6,10.0,1
101441,290,3,4.0,1
101442,30,5,11.0,0
101443,191,5,10.0,0
101444,437,1,2.0,1
101445,524,5,8.0,1
101446,322,7,17.0,1
101447,203,3,8.0,0
101448,270,5,14.0,0
101449,5,4,10.0,0
101450,312,4,8.0,1
101451,33,10,18.0,0
101452,93,5,13.0,0
101453,413,3,3.0,1
101454,330,7,11.0,1
101455,42,5,9.0,0
101456,78,6,8.0,0
101457,442,6,8.0,1
101458,282,5,12.0,0
101459,32,4,6.0,0
101460,57,6,11.0,0
101461,481,4,8.0,1
101462,253,5,6.0,0
101463,223,5,10.0,0
101464,149,2,2.0,0
101465,196,7,14.0,0
101466,36,12,23.0,0
101467,152,4,6.0,0
101468,900,1,1.0,1
101469,127,5,10.0,0
101470,16,7,15.0,0
101471,141,4,5.0,0
101472,159,2,3.0,0
101474,75,6,8.0,0
101475,3,4,9.0,0
101476,91,6,13.0,0
101477,47,3,6.0,0
101478,70,7,13.0,0
101479,16,5,11.0,0
101480,128,5,6.0,0
101481,138,8,17.0,0
101482,31,6,6.0,0
101483,19,3,7.0,0
101484,163,3,4.0,0
101485,264,2,6.0,0
101486,72,11,24.0,0
101487,165,3,5.0,0
101488,52,11,18.0,0
101489,112,5,6.0,0
101490,39,2,2.0,0
101491,113,7,14.0,0
101492,118,4,6.0,0
101493,151,4,7.0,0
101494,387,4,10.0,1
101495,193,5,13.0,0
101496,212,3,4.0,0
101497,261,4,5.0,0
101498,83,1,1.0,0
101499,353,3,6.0,1
101500,19,6,12.0,0
101501,236,6,8.0,0
101502,241,4,6.0,0
101503,162,3,4.0,0
101504,26,5,10.0,0
101505,202,6,11.0,0
101506,360,1,3.0,1
101507,74,6,6.0,0
101508,244,4,8.0,0
101509,184,3,5.0,0
101510,368,6,16.0,1
101511,202,9,12.0,0
101512,285,4,9.0,0
101513,345,6,11.0,1
101514,260,1,2.0,0
101515,6,7,9.0,0
101516,69,7,11.0,0
101517,69,10,20.0,0
101518,69,8,20.0,0
101519,143,7,12.0,0
101520,77,6,8.0,0
101521,46,8,10.0,0
101522,215,6,17.0,0
101523,281,2,4.0,0
101524,11,6,13.0,0
101525,131,4,9.0,0
101526,225,4,10.0,0
101527,650,1,1.0,1
101528,318,9,16.0,1
101529,224,4,7.0,0
101530,57,10,16.0,0
101531,494,3,9.0,1
101532,162,7,10.0,0
101533,388,5,7.0,1
101534,696,1,1.0,1
101535,510,4,6.0,1
101536,32,7,10.0,0
101537,125,4,11.0,0
101538,489,2,3.0,1
101539,206,4,8.0,0
101540,252,9,16.0,0
101541,60,3,7.0,0
101542,191,3,7.0,0
101543,619,2,2.0,1
101544,112,6,10.0,0
101545,298,4,9.0,1
101546,145,6,8.0,0
101547,106,5,9.0,0
101548,57,5,10.0,0
101549,46,6,8.0,0
101550,35,9,21.0,0
101551,22,5,6.0,0
101552,103,3,3.0,0
101553,80,4,7.0,0
101554,560,1,3.0,1
101555,138,3,4.0,0
101556,192,4,7.0,0
101557,293,5,9.0,1
101558,248,3,7.0,0
101559,114,9,17.0,0
101560,16,7,9.0,0
101561,225,4,7.0,0
101562,353,1,1.0,1
101563,186,2,3.0,0
101564,51,5,7.0,0
101565,257,4,7.0,0
101566,326,4,7.0,1
101567,409,2,5.0,1
101568,212,4,9.0,0
101569,36,4,10.0,0
101570,177,3,4.0,0
101571,320,6,11.0,1
101572,307,6,10.0,1
101573,42,7,13.0,0
101574,48,2,7.0,0
101575,95,7,13.0,0
101576,502,1,1.0,1
101577,137,4,6.0,0
101578,169,7,11.0,0
101579,72,6,13.0,0
101580,183,4,6.0,0
101581,390,2,3.0,1
101582,90,9,16.0,0
101583,15,4,6.0,0
101584,74,6,12.0,0
101585,90,4,9.0,0
101586,92,7,11.0,0
101587,66,5,11.0,0
101588,44,4,9.0,0
101589,336,4,7.0,1
101590,519,2,5.0,1
101591,267,5,11.0,0
101592,194,9,16.0,0
101593,134,8,9.0,0
101594,810,2,5.0,1
101595,202,5,5.0,0
101596,87,3,8.0,0
101597,237,3,5.0,0
101598,89,1,3.0,0
101599,208,5,13.0,0
101600,189,9,14.0,0
101601,50,4,5.0,0
101602,122,8,12.0,0
101603,249,6,15.0,0
101604,472,1,3.0,1
101606,7,6,8.0,0
101607,258,4,5.0,0
101608,54,3,4.0,0
101609,75,8,15.0,0
101610,23,6,11.0,0
101611,352,3,3.0,1
101612,142,4,9.0,0
101613,119,6,12.0,0
101614,236,3,4.0,0
101615,344,4,4.0,1
101616,295,7,14.0,1
101617,96,1,2.0,0
101618,157,5,11.0,0
101619,36,6,9.0,0
101620,92,4,6.0,0
101621,330,4,9.0,1
101622,355,6,10.0,1
101623,571,6,7.0,1
101624,824,1,3.0,1
101625,7,7,11.0,0
101626,42,6,8.0,0
101627,59,2,7.0,0
101628,369,2,2.0,1
101629,36,5,11.0,0
101630,570,6,11.0,1
101631,23,2,2.0,0
101632,7,4,7.0,0
101633,89,5,14.0,0
101634,335,5,15.0,1
101635,113,2,5.0,0
101636,180,6,13.0,0
101637,51,4,6.0,0
101638,256,6,14.0,0
101639,230,2,8.0,0
101640,697,2,3.0,1
101641,437,4,4.0,1
101642,265,3,6.0,0
101643,187,3,5.0,0
101644,455,8,15.0,1
101645,106,3,9.0,0
101646,339,2,2.0,1
101647,753,1,1.0,1
101648,134,4,4.0,0
101649,18,3,6.0,0
101650,127,5,9.0,0
101651,287,4,8.0,1
101652,131,1,3.0,0
101653,96,8,14.0,0
101654,83,5,6.0,0
101655,169,4,9.0,0
101656,408,7,10.0,1
101657,452,4,10.0,1
101658,395,4,6.0,1
101659,244,4,9.0,0
101660,42,6,13.0,0
101661,12,3,5.0,0
101662,287,6,11.0,1
101663,47,9,23.0,0
101664,399,5,9.0,1
101665,238,4,10.0,0
101666,92,6,8.0,0
101667,296,4,6.0,1
101668,181,4,7.0,0
101669,173,4,10.0,0
101670,129,3,6.0,0
101671,233,4,6.0,0
101672,154,3,4.0,0
101673,14,7,10.0,0
101674,29,9,14.0,0
101675,275,2,3.0,0
101676,892,1,4.0,1
101677,46,4,7.0,0
101678,43,6,9.0,0
101679,251,5,8.0,0
101680,57,5,10.0,0
101681,127,2,2.0,0
101682,9,5,9.0,0
101683,68,7,16.0,0
101684,585,2,3.0,1
101685,32,1,1.0,0
101686,154,2,4.0,0
101687,584,5,6.0,1
101688,179,6,11.0,0
101689,21,7,13.0,0
101690,227,9,14.0,0
101691,161,7,14.0,0
101692,401,3,4.0,1
101693,460,2,5.0,1
101694,163,9,17.0,0
101695,437,4,5.0,1
101696,224,2,2.0,0
101697,7,6,11.0,0
101698,31,4,9.0,0
101699,112,7,18.0,0
101700,359,6,14.0,1
101701,475,1,1.0,1
101702,221,9,15.0,0
101703,574,2,4.0,1
101704,199,3,5.0,0
101705,62,7,7.0,0
101706,630,2,2.0,1
101707,28,6,12.0,0
101708,97,8,14.0,0
101709,267,7,13.0,0
101710,108,4,5.0,0
101711,324,3,8.0,1
101712,178,7,18.0,0
101713,411,7,9.0,1
101714,208,5,10.0,0
101715,194,6,9.0,0
101716,228,2,5.0,0
101717,80,6,12.0,0
101718,176,6,12.0,0
101719,92,6,10.0,0
101720,418,1,2.0,1
101721,185,8,14.0,0
101722,248,7,14.0,0
101723,206,4,11.0,0
101724,186,6,8.0,0
101725,78,8,13.0,0
101726,4,8,11.0,0
101727,169,6,14.0,0
101728,189,4,11.0,0
101729,682,3,3.0,1
101730,30,3,4.0,0
101731,678,2,3.0,1
101732,173,3,4.0,0
101733,119,7,17.0,0
101734,96,5,8.0,0
101735,182,8,15.0,0
101736,141,8,21.0,0
101737,6,4,8.0,0
101738,17,3,5.0,0
101739,340,6,9.0,1
101740,123,7,9.0,0
101741,139,2,3.0,0
101742,153,7,15.0,0
101743,11,5,9.0,0
101744,222,5,10.0,0
101745,155,8,14.0,0
101746,344,3,8.0,1
101747,345,6,9.0,1
101748,91,4,8.0,0
101749,39,7,13.0,0
101750,473,3,5.0,1
101751,225,7,8.0,0
101752,256,3,6.0,0
101753,393,3,6.0,1
101754,82,3,7.0,0
101755,48,8,14.0,0
101756,101,9,14.0,0
101757,256,7,18.0,0
101758,199,5,7.0,0
101759,152,6,11.0,0
101760,153,4,10.0,0
101761,297,5,6.0,1
101762,81,7,15.0,0
101763,154,4,6.0,0
101764,324,3,5.0,1
101765,276,4,7.0,0
101766,121,8,13.0,0
101767,125,4,10.0,0
101768,39,8,14.0,0
101769,269,2,3.0,0
101770,87,3,5.0,0
101771,45,8,11.0,0
101772,382,3,5.0,1
101773,142,7,19.0,0
101774,410,3,5.0,1
101775,127,1,1.0,0
101776,609,3,5.0,1
101777,545,2,2.0,1
101778,315,2,5.0,1
101779,304,6,12.0,1
101780,233,3,5.0,0
101781,164,6,14.0,0
101782,292,8,16.0,1
101783,186,3,5.0,0
101784,91,5,9.0,0
101785,628,1,1.0,1
101786,6,6,14.0,0
101787,241,8,16.0,0
101788,11,3,6.0,0
101789,58,8,22.0,0
101790,76,5,14.0,0
101791,387,2,3.0,1
101792,81,3,5.0,0
101793,41,2,6.0,0
101794,264,4,6.0,0
101795,190,4,7.0,0
101796,32,7,14.0,0
101797,240,7,11.0,0
101798,233,7,9.0,0
101799,10,2,2.0,0
101800,317,7,13.0,1
101801,61,4,9.0,0
101802,183,4,8.0,0
101803,145,8,14.0,0
101804,181,8,14.0,0
101805,24,5,6.0,0
101806,141,7,17.0,0
101807,561,4,5.0,1
101808,8,7,12.0,0
101809,104,4,6.0,0
101810,277,3,4.0,0
101811,380,5,10.0,1
101812,8,6,11.0,0
101813,139,3,11.0,0
101814,430,1,1.0,1
101815,72,3,4.0,0
101816,267,4,10.0,0
101817,196,8,18.0,0
101818,136,4,8.0,0
101819,205,7,12.0,0
101820,149,6,10.0,0
101821,354,4,7.0,1
101822,225,5,12.0,0
101823,348,5,7.0,1
101824,361,4,7.0,1
101825,549,3,7.0,1
101826,338,3,7.0,1
101827,617,3,6.0,1
101828,52,3,4.0,0
101829,48,5,11.0,0
101830,58,1,3.0,0
101831,139,2,5.0,0
101832,200,3,4.0,0
101833,625,6,12.0,1
101834,251,4,9.0,0
101835,72,7,10.0,0
101836,583,3,6.0,1
101837,14,4,6.0,0
101838,398,3,9.0,1
101839,38,6,8.0,0
101840,178,4,6.0,0
101841,511,4,8.0,1
101842,219,7,15.0,0
101843,324,4,6.0,1
101844,3,4,6.0,0
101845,170,7,14.0,0
101846,58,6,9.0,0
101847,147,7,9.0,0
101848,101,2,4.0,0
101849,32,9,18.0,0
101850,96,6,15.0,0
101851,24,5,9.0,0
101852,163,5,13.0,0
101853,156,4,7.0,0
101854,8,7,15.0,0
101855,113,8,14.0,0
101856,191,5,8.0,0
101857,213,2,3.0,0
101858,94,4,7.0,0
101859,286,8,13.0,0
101860,43,4,7.0,0
101861,173,13,28.0,0
101862,117,7,19.0,0
101863,107,6,11.0,0
101864,105,3,5.0,0
101865,48,5,14.0,0
101866,592,1,3.0,1
101867,123,11,22.0,0
101868,7,8,13.0,0
101869,101,5,13.0,0
101870,298,8,12.0,1
101871,668,3,7.0,1
101872,255,7,11.0,0
101874,33,8,15.0,0
101875,247,4,8.0,0
101876,319,9,18.0,1
101877,243,2,3.0,0
101878,174,6,13.0,0
101879,61,3,3.0,0
101880,171,4,7.0,0
101881,410,5,10.0,1
101882,208,2,2.0,0
101883,46,5,9.0,0
101884,361,4,10.0,1
101885,153,6,13.0,0
101886,208,4,12.0,0
101887,319,4,7.0,1
101888,392,2,2.0,1
101889,13,4,9.0,0
101890,88,6,11.0,0
101891,231,5,10.0,0
101892,189,6,12.0,0
101893,107,6,12.0,0
101894,237,4,10.0,0
101895,50,7,16.0,0
101896,11,6,10.0,0
101897,102,2,4.0,0
101898,255,2,5.0,0
101899,297,4,9.0,1
101900,397,3,8.0,1
101901,198,5,13.0,0
101902,284,7,15.0,0
101903,303,2,3.0,1
101904,65,4,7.0,0
101905,33,7,12.0,0
101906,3,8,8.0,0
101907,44,3,4.0,0
101908,360,2,2.0,1
101909,376,4,10.0,1
101910,115,6,16.0,0
101911,181,4,8.0,0
101912,158,8,15.0,0
101913,81,4,7.0,0
101914,178,5,8.0,0
101915,72,4,6.0,0
101916,217,3,6.0,0
101917,162,4,7.0,0
101918,57,6,12.0,0
101919,27,4,8.0,0
101920,8,11,23.0,0
101921,233,1,2.0,0
101922,436,2,3.0,1
101923,243,6,11.0,0
101924,52,7,10.0,0
101925,102,7,14.0,0
101926,234,4,5.0,0
101927,174,6,14.0,0
101928,47,4,8.0,0
101929,446,2,6.0,1
101930,122,7,21.0,0
101931,54,10,21.0,0
101932,87,2,4.0,0
101933,167,6,16.0,0
101934,357,3,8.0,1
101935,174,6,11.0,0
101936,333,8,13.0,1
101937,593,6,10.0,1
101938,3,4,6.0,0
101939,188,5,9.0,0
101940,263,4,8.0,0
101941,320,5,14.0,1
101942,59,4,10.0,0
101943,130,6,10.0,0
101944,124,6,12.0,0
101945,519,2,6.0,1
101946,218,4,5.0,0
101947,172,5,10.0,0
101948,190,5,10.0,0
101949,290,5,9.0,1
101950,469,2,3.0,1
101951,682,3,5.0,1
101952,263,6,10.0,0
101953,49,6,11.0,0
101954,165,8,17.0,0
101955,197,4,6.0,0
101956,90,6,13.0,0
101957,332,5,6.0,1
101958,775,3,8.0,1
101959,205,3,4.0,0
101960,269,6,9.0,0
101961,201,3,5.0,0
101962,177,8,20.0,0
101963,687,1,1.0,1
101964,260,9,15.0,0
101965,286,3,3.0,0
101966,155,7,10.0,0
101967,375,3,3.0,1
101968,186,5,8.0,0
101969,53,7,12.0,0
101970,159,5,11.0,0
101971,20,7,13.0,0
101972,128,10,23.0,0
101973,124,4,6.0,0
101974,53,7,13.0,0
101975,342,4,5.0,1
101976,132,1,1.0,0
101977,197,3,8.0,0
101978,455,2,2.0,1
101979,17,3,5.0,0
101980,106,9,9.0,0
101981,291,4,6.0,1
101982,558,3,4.0,1
101983,41,7,17.0,0
101984,66,7,12.0,0
101985,350,1,2.0,1
101986,229,4,6.0,0
101987,400,4,7.0,1
101988,342,7,12.0,1
101989,83,4,4.0,0
101990,123,8,13.0,0
101991,66,7,12.0,0
101992,169,7,9.0,0
101993,475,4,8.0,1
101994,127,5,8.0,0
101995,329,5,7.0,1
101996,188,6,13.0,0
101997,416,3,7.0,1
101998,22,11,21.0,0
101999,213,5,6.0,0
102000,80,8,17.0,0
102001,191,4,6.0,0
102002,222,7,15.0,0
102003,41,8,14.0,0
102004,331,3,5.0,1
102005,4,6,8.0,0
102006,260,7,14.0,0
102007,436,2,7.0,1
102008,237,6,7.0,0
102009,73,1,2.0,0
102010,36,4,8.0,0
102011,57,5,11.0,0
102012,375,1,3.0,1
102013,279,6,11.0,0
102014,472,1,1.0,1
102015,76,7,15.0,0
102016,364,7,10.0,1
102017,136,4,6.0,0
102018,711,1,1.0,1
102019,316,4,8.0,1
102020,380,7,13.0,1
102021,12,3,9.0,0
102022,447,4,5.0,1
102023,155,4,10.0,0
102024,352,3,3.0,1
102025,191,6,15.0,0
102026,534,3,4.0,1
102027,388,3,4.0,1
102028,455,2,5.0,1
102029,50,10,17.0,0
102030,431,3,5.0,1
102031,200,7,13.0,0
102032,628,1,2.0,1
102033,120,3,4.0,0
102034,196,3,3.0,0
102035,252,5,9.0,0
102036,66,3,6.0,0
102037,79,7,14.0,0
102038,70,8,12.0,0
102039,470,2,3.0,1
102040,191,5,11.0,0
102041,119,7,9.0,0
102042,796,1,3.0,1
102043,2,4,8.0,0
102044,42,8,9.0,0
102045,335,3,6.0,1
102046,2,7,13.0,0
102047,80,5,10.0,0
102048,97,4,9.0,0
102049,23,3,8.0,0
102050,45,4,8.0,0
102051,26,5,7.0,0
102052,152,1,1.0,0
102053,230,6,9.0,0
102054,252,8,20.0,0
102055,166,8,19.0,0
102056,238,5,7.0,0
102057,232,2,3.0,0
102058,291,8,22.0,1
102059,228,4,6.0,0
102060,103,6,13.0,0
102061,112,4,8.0,0
102062,34,9,16.0,0
102063,170,4,6.0,0
102064,546,4,9.0,1
102065,38,14,22.0,0
102066,271,7,15.0,0
102067,166,4,8.0,0
102068,123,3,4.0,0
102069,17,3,4.0,0
102070,185,7,11.0,0
102071,358,5,9.0,1
102072,522,6,11.0,1
102073,21,6,9.0,0
102074,60,7,10.0,0
102075,307,6,14.0,1
102076,15,7,15.0,0
102077,552,4,5.0,1
102078,93,4,8.0,0
102079,152,5,8.0,0
102080,71,10,25.0,0
102081,192,6,9.0,0
102082,110,5,7.0,0
102083,106,6,12.0,0
102084,77,3,4.0,0
102085,10,6,12.0,0
102086,326,2,5.0,1
102087,200,5,5.0,0
102088,126,4,7.0,0
102089,283,7,12.0,0
102090,193,9,17.0,0
102091,173,6,9.0,0
102092,406,5,12.0,1
102093,115,4,9.0,0
102094,22,3,6.0,0
102095,368,3,5.0,1
102096,87,8,14.0,0
102097,76,5,10.0,0
102098,36,5,8.0,0
102099,754,4,8.0,1
102100,220,7,13.0,0
102101,22,7,13.0,0
102102,115,7,16.0,0
102103,182,5,9.0,0
102104,353,3,3.0,1
102105,152,3,8.0,0
102106,67,6,9.0,0
102107,136,5,9.0,0
102108,351,3,4.0,1
102109,45,6,8.0,0
102110,58,4,6.0,0
102111,67,6,10.0,0
102112,283,4,5.0,0
102113,247,9,14.0,0
102114,293,4,13.0,1
102115,306,8,14.0,1
102116,173,4,6.0,0
102117,340,4,11.0,1
102118,81,2,3.0,0
102119,188,7,16.0,0
102120,201,8,13.0,0
102121,230,5,12.0,0
102122,54,5,9.0,0
102123,130,4,7.0,0
102124,21,5,7.0,0
102125,126,3,3.0,0
102126,148,6,8.0,0
102127,93,4,7.0,0
102128,156,3,7.0,0
102129,169,5,8.0,0
102130,157,5,8.0,0
102131,352,4,5.0,1
102132,164,7,15.0,0
102133,221,6,16.0,0
102134,335,6,12.0,1
102135,47,9,21.0,0
102136,293,5,7.0,1
102137,81,6,18.0,0
102138,64,6,10.0,0
102139,243,6,13.0,0
102140,105,5,8.0,0
102141,100,7,10.0,0
102142,42,4,9.0,0
102143,36,9,14.0,0
102144,193,3,4.0,0
102145,120,7,12.0,0
102146,241,7,8.0,0
102147,98,6,8.0,0
102148,371,2,3.0,1
102149,491,3,8.0,1
102150,199,4,9.0,0
102151,14,4,7.0,0
102152,339,4,7.0,1
102153,304,4,10.0,1
102154,57,6,14.0,0
102155,120,6,7.0,0
102156,11,6,8.0,0
102157,278,5,7.0,0
102158,258,6,10.0,0
102159,529,4,6.0,1
102160,42,6,15.0,0
102161,513,4,12.0,1
102162,112,4,6.0,0
102163,234,3,9.0,0
102164,35,5,10.0,0
102165,146,6,10.0,0
102166,106,8,13.0,0
102167,13,2,3.0,0
102168,96,5,7.0,0
102169,59,2,3.0,0
102170,50,5,12.0,0
102171,210,5,11.0,0
102172,265,9,19.0,0
102173,9,5,6.0,0
102174,112,8,23.0,0
102175,217,1,1.0,0
102176,689,3,3.0,1
102177,94,5,9.0,0
102178,78,5,8.0,0
102179,59,9,19.0,0
102180,183,7,18.0,0
102181,147,10,18.0,0
102182,232,8,18.0,0
102183,78,4,8.0,0
102184,123,2,6.0,0
102185,116,6,11.0,0
102186,141,5,7.0,0
102187,279,4,5.0,0
102188,315,5,9.0,1
102189,91,8,17.0,0
102190,152,5,8.0,0
102191,85,4,10.0,0
102192,97,5,11.0,0
102193,154,6,10.0,0
102194,5,6,14.0,0
102195,401,4,8.0,1
102196,381,5,9.0,1
102197,191,4,10.0,0
102198,90,3,3.0,0
102199,265,6,10.0,0
102200,451,1,1.0,1
102201,109,9,9.0,0
102202,93,7,8.0,0
102203,681,1,2.0,1
102204,829,1,1.0,1
102205,153,11,19.0,0
102206,12,7,12.0,0
102207,53,4,9.0,0
102208,92,5,7.0,0
102209,126,13,27.0,0
102210,10,3,4.0,0
102211,116,4,9.0,0
102212,163,4,7.0,0
102213,189,7,11.0,0
102214,273,7,13.0,0
102215,93,9,16.0,0
102216,49,8,19.0,0
102217,325,5,11.0,1
102218,352,8,12.0,1
102219,12,5,10.0,0
102220,170,3,5.0,0
102221,36,9,15.0,0
102222,208,5,10.0,0
102223,170,10,13.0,0
102224,211,6,14.0,0
102225,54,7,9.0,0
102226,81,7,11.0,0
102227,167,4,11.0,0
102228,146,3,6.0,0
102229,72,3,7.0,0
102230,68,6,16.0,0
102231,51,7,16.0,0
102232,6,7,14.0,0
102233,346,3,5.0,1
102234,293,5,10.0,1
102235,263,8,16.0,0
102236,354,10,21.0,1
102237,344,5,11.0,1
102238,12,7,14.0,0
102239,145,7,10.0,0
102240,167,8,14.0,0
102241,4,2,4.0,0
102242,175,4,6.0,0
102243,164,5,7.0,0
102244,167,4,7.0,0
102245,38,4,7.0,0
102246,16,7,14.0,0
102247,79,13,23.0,0
102248,205,5,11.0,0
102249,123,2,3.0,0
102250,14,6,10.0,0
102251,4,7,11.0,0
102252,225,5,6.0,0
102253,51,3,6.0,0
102254,185,6,12.0,0
102255,151,5,16.0,0
102256,349,5,10.0,1
102257,71,7,16.0,0
102258,261,1,2.0,0
102259,151,4,6.0,0
102260,128,9,18.0,0
102261,104,4,7.0,0
102262,583,1,1.0,1
102263,228,6,14.0,0
102264,371,4,6.0,1
102265,526,3,3.0,1
102266,91,7,13.0,0
102267,226,4,6.0,0
102268,51,10,24.0,0
102269,189,8,15.0,0
102270,43,4,7.0,0
102271,359,4,7.0,1
102272,12,8,16.0,0
102273,100,4,10.0,0
102274,239,3,6.0,0
102275,132,6,8.0,0
102276,270,5,11.0,0
102277,115,7,16.0,0
102278,284,5,12.0,0
102280,442,1,2.0,1
102281,218,5,12.0,0
102282,482,2,5.0,1
102283,180,5,11.0,0
102284,109,4,7.0,0
102285,64,5,12.0,0
102286,118,4,6.0,0
102287,176,2,2.0,0
102288,4,6,13.0,0
102289,211,5,7.0,0
102290,451,5,5.0,1
102291,165,2,6.0,0
102292,704,1,2.0,1
102293,89,6,8.0,0
102294,268,5,7.0,0
102295,8,2,4.0,0
102296,281,4,7.0,0
102297,82,7,10.0,0
102298,322,1,1.0,1
102299,701,1,1.0,1
102300,144,7,19.0,0
102301,93,6,9.0,0
102302,145,6,13.0,0
102303,486,2,4.0,1
102304,124,5,12.0,0
102305,438,3,5.0,1
102306,111,8,18.0,0
102307,59,3,5.0,0
102308,550,5,7.0,1
102309,190,3,4.0,0
102310,295,5,9.0,1
102311,423,3,7.0,1
102312,153,2,7.0,0
102313,341,3,4.0,1
102314,154,3,6.0,0
102315,735,2,5.0,1
102316,76,4,6.0,0
102317,15,11,19.0,0
102318,39,4,12.0,0
102319,138,5,6.0,0
102320,168,7,11.0,0
102321,11,5,12.0,0
102322,160,3,6.0,0
102323,622,4,9.0,1
102324,337,3,4.0,1
102325,246,3,6.0,0
102326,235,8,17.0,0
102327,271,3,6.0,0
102328,81,3,6.0,0
102329,78,5,9.0,0
102330,354,5,11.0,1
102331,20,7,14.0,0
102332,387,4,7.0,1
102333,143,4,8.0,0
102334,335,3,5.0,1
102335,211,3,5.0,0
102336,246,4,8.0,0
102337,235,2,3.0,0
102338,371,2,2.0,1
102339,434,3,4.0,1
102340,34,11,20.0,0
102341,134,5,12.0,0
102342,57,9,18.0,0
102343,260,4,8.0,0
102344,690,2,3.0,1
102345,870,2,4.0,1
102346,34,4,5.0,0
102347,411,4,7.0,1
102348,378,6,7.0,1
102349,200,2,3.0,0
102350,248,5,7.0,0
102351,424,7,13.0,1
102352,359,5,7.0,1
102353,58,7,16.0,0
102354,156,5,9.0,0
102355,909,1,2.0,1
102356,202,5,8.0,0
102357,21,7,8.0,0
102358,74,3,4.0,0
102359,330,3,4.0,1
102360,274,7,15.0,0
102361,241,9,16.0,0
102362,164,5,8.0,0
102363,158,7,20.0,0
102364,152,3,6.0,0
102365,38,8,13.0,0
102366,312,4,5.0,1
102367,277,5,8.0,0
102368,16,7,18.0,0
102369,138,9,15.0,0
102370,628,1,4.0,1
102371,19,2,2.0,0
102372,45,5,9.0,0
102374,151,8,11.0,0
102375,146,6,15.0,0
102376,113,3,5.0,0
102377,167,2,4.0,0
102378,508,3,5.0,1
102379,306,1,2.0,1
102380,51,8,15.0,0
102381,145,4,7.0,0
102382,292,3,7.0,1
102383,82,8,12.0,0
102384,235,5,10.0,0
102385,82,3,9.0,0
102386,26,8,14.0,0
102387,35,6,15.0,0
102388,354,4,11.0,1
102389,340,4,10.0,1
102390,96,6,10.0,0
102391,559,5,10.0,1
102392,193,4,10.0,0
102393,1,5,13.0,0
102394,382,6,11.0,1
102395,16,5,12.0,0
102396,58,2,4.0,0
102397,457,6,18.0,1
102398,516,5,12.0,1
102399,206,4,9.0,0
102400,366,4,8.0,1
102401,54,5,7.0,0
102402,1,5,8.0,0
102403,113,6,11.0,0
102404,232,6,14.0,0
102405,282,3,6.0,0
102406,98,5,6.0,0
102407,75,7,8.0,0
102408,118,5,6.0,0
102409,72,5,8.0,0
102410,417,5,9.0,1
102411,77,7,13.0,0
102412,52,7,9.0,0
102413,323,7,11.0,1
102414,77,7,12.0,0
102415,202,2,3.0,0
102416,204,8,18.0,0
102417,372,3,7.0,1
102418,151,11,17.0,0
102419,263,7,14.0,0
102420,303,4,11.0,1
102421,27,4,9.0,0
102422,173,7,13.0,0
102423,12,5,10.0,0
102424,389,1,1.0,1
102425,140,5,8.0,0
102426,127,5,6.0,0
102427,60,12,22.0,0
102428,123,7,13.0,0
102429,136,7,10.0,0
102430,252,7,13.0,0
102431,139,5,8.0,0
102432,104,4,9.0,0
102433,18,10,25.0,0
102434,262,2,4.0,0
102435,109,4,11.0,0
102436,93,10,16.0,0
102437,250,6,10.0,0
102438,170,7,20.0,0
102439,180,4,7.0,0
102440,79,6,9.0,0
102441,347,3,7.0,1
102442,189,5,8.0,0
102443,62,5,9.0,0
102444,303,3,4.0,1
102445,81,8,15.0,0
102446,166,7,9.0,0
102447,410,4,10.0,1
102448,18,7,12.0,0
102449,54,6,10.0,0
102450,167,6,10.0,0
102451,133,4,12.0,0
102452,53,2,5.0,0
102453,33,5,9.0,0
102454,463,5,9.0,1
102455,270,4,9.0,0
102456,75,5,7.0,0
102457,59,5,13.0,0
102458,299,5,9.0,1
102459,410,4,6.0,1
102460,231,3,8.0,0
102461,447,3,5.0,1
102462,165,7,8.0,0
102463,388,3,4.0,1
102464,15,6,14.0,0
102465,153,6,8.0,0
102466,176,5,11.0,0
102467,130,6,9.0,0
102468,109,5,17.0,0
102470,11,4,6.0,0
102471,100,3,4.0,0
102472,103,4,10.0,0
102473,12,4,10.0,0
102474,48,4,9.0,0
102475,82,3,3.0,0
102476,181,4,6.0,0
102477,178,4,13.0,0
102478,228,7,14.0,0
102479,29,9,16.0,0
102480,249,4,7.0,0
102481,186,6,18.0,0
102483,164,8,16.0,0
102484,145,5,12.0,0
102485,76,8,16.0,0
102486,576,2,5.0,1
102487,191,6,10.0,0
102488,253,3,5.0,0
102489,7,5,9.0,0
102490,103,6,16.0,0
102491,578,3,4.0,1
102492,19,10,13.0,0
102493,191,8,17.0,0
102494,5,8,17.0,0
102495,342,3,9.0,1
102496,108,4,7.0,0
102497,195,5,7.0,0
102498,163,3,4.0,0
102499,194,5,7.0,0
102500,20,4,6.0,0
102501,367,9,19.0,1
102502,232,3,5.0,0
102503,171,5,11.0,0
102504,391,3,5.0,1
102505,24,5,11.0,0
102506,71,7,15.0,0
102507,34,5,7.0,0
102508,219,4,6.0,0
102509,229,8,11.0,0
102510,474,1,2.0,1
102511,341,5,10.0,1
102512,64,4,12.0,0
102513,207,4,13.0,0
102514,807,1,1.0,1
102515,360,4,7.0,1
102516,22,9,21.0,0
102517,272,7,15.0,0
102518,136,8,13.0,0
102519,95,5,11.0,0
102520,255,5,9.0,0
102521,262,3,5.0,0
102522,100,7,12.0,0
102523,97,3,4.0,0
102524,540,2,5.0,1
102525,186,4,7.0,0
102526,66,3,4.0,0
102527,167,4,5.0,0
102528,210,3,4.0,0
102529,427,3,3.0,1
102530,116,8,11.0,0
102531,247,4,9.0,0
102532,16,9,18.0,0
102533,366,2,4.0,1
102534,356,3,6.0,1
102535,180,5,12.0,0
102536,36,5,13.0,0
102537,478,3,5.0,1
102538,22,8,17.0,0
102539,338,4,6.0,1
102540,35,6,11.0,0
102541,262,6,8.0,0
102542,23,5,10.0,0
102543,267,4,8.0,0
102544,280,5,6.0,0
102545,490,4,9.0,1
102546,71,5,11.0,0
102547,21,9,12.0,0
102548,52,4,4.0,0
102549,72,7,14.0,0
102550,167,2,6.0,0
102551,483,6,15.0,1
102552,232,5,10.0,0
102553,30,7,9.0,0
102554,393,5,8.0,1
102555,16,10,20.0,0
102556,23,5,14.0,0
102557,189,5,10.0,0
102558,63,6,10.0,0
102559,189,4,10.0,0
102560,212,5,9.0,0
102561,187,5,8.0,0
102562,106,10,20.0,0
102563,244,6,10.0,0
102564,220,5,7.0,0
102565,160,2,5.0,0
102566,55,8,14.0,0
102567,205,3,4.0,0
102568,98,8,15.0,0
102569,65,5,11.0,0
102570,266,5,9.0,0
102571,222,2,3.0,0
102572,109,4,9.0,0
102573,172,7,16.0,0
102574,100,5,9.0,0
102575,229,3,6.0,0
102576,194,10,21.0,0
102577,181,4,8.0,0
102578,78,8,18.0,0
102579,420,4,6.0,1
102580,299,2,3.0,1
102581,314,4,4.0,1
102582,211,6,7.0,0
102583,297,3,7.0,1
102584,103,7,19.0,0
102585,137,5,9.0,0
102586,439,7,17.0,1
102587,12,4,6.0,0
102588,157,8,17.0,0
102589,19,7,18.0,0
102590,197,4,9.0,0
102591,150,6,9.0,0
102592,298,5,7.0,1
102593,229,2,3.0,0
102594,47,10,18.0,0
102595,222,6,10.0,0
102596,144,7,13.0,0
102597,93,6,11.0,0
102598,100,6,12.0,0
102599,125,9,19.0,0
102600,250,3,6.0,0
102601,361,5,11.0,1
102602,49,3,7.0,0
102603,269,5,5.0,0
102604,256,4,10.0,0
102605,47,6,9.0,0
102606,26,8,18.0,0
102607,18,9,19.0,0
102608,452,5,12.0,1
102609,787,1,3.0,1
102610,19,5,10.0,0
102611,166,5,11.0,0
102612,306,3,4.0,1
102613,153,4,4.0,0
102614,34,3,6.0,0
102615,664,1,1.0,1
102616,258,5,10.0,0
102617,197,6,9.0,0
102618,169,5,9.0,0
102619,8,3,5.0,0
102620,214,5,10.0,0
102621,326,3,5.0,1
102622,60,10,21.0,0
102623,708,3,5.0,1
102624,367,2,3.0,1
102625,408,6,17.0,1
102626,838,1,1.0,1
102627,202,9,15.0,0
102628,273,5,10.0,0
102629,183,4,5.0,0
102630,78,5,8.0,0
102631,6,6,14.0,0
102632,186,4,6.0,0
102633,208,3,4.0,0
102634,11,2,7.0,0
102635,219,5,8.0,0
102636,120,7,10.0,0
102637,500,4,9.0,1
102638,93,4,11.0,0
102639,416,4,6.0,1
102640,3,6,13.0,0
102641,111,3,7.0,0
102642,567,4,10.0,1
102643,239,5,11.0,0
102644,50,4,9.0,0
102645,63,5,11.0,0
102646,42,5,6.0,0
102647,33,10,20.0,0
102648,79,7,12.0,0
102649,711,2,4.0,1
102650,134,4,9.0,0
102651,211,4,7.0,0
102652,413,4,6.0,1
102653,20,4,4.0,0
102654,167,10,21.0,0
102655,716,4,5.0,1
102656,104,6,12.0,0
102657,53,4,11.0,0
102658,380,1,4.0,1
102659,103,6,12.0,0
102660,53,8,15.0,0
102661,94,4,5.0,0
102662,114,5,13.0,0
102663,282,5,10.0,0
102664,218,6,15.0,0
102665,322,3,8.0,1
102666,272,7,12.0,0
102667,213,4,6.0,0
102668,270,7,12.0,0
102669,89,4,8.0,0
102670,96,3,4.0,0
102671,6,4,6.0,0
102672,57,6,7.0,0
102673,179,5,6.0,0
102674,30,4,10.0,0
102675,234,5,10.0,0
102676,110,7,16.0,0
102677,596,1,1.0,1
102678,227,7,9.0,0
102679,306,4,11.0,1
102680,213,4,4.0,0
102681,81,3,4.0,0
102682,75,6,8.0,0
102683,440,5,9.0,1
102684,130,5,7.0,0
102685,67,7,10.0,0
102686,218,3,6.0,0
102687,393,4,5.0,1
102688,132,4,7.0,0
102689,169,5,7.0,0
102690,754,3,9.0,1
102691,165,4,8.0,0
102692,329,6,8.0,1
102693,69,5,8.0,0
102694,296,4,9.0,1
102695,281,7,10.0,0
102696,228,8,18.0,0
102697,483,3,5.0,1
102698,35,3,3.0,0
102699,103,4,7.0,0
102700,196,6,8.0,0
102701,193,5,8.0,0
102702,306,2,3.0,1
102703,215,7,13.0,0
102704,432,2,5.0,1
102705,300,6,13.0,1
102706,290,5,10.0,1
102707,1,5,10.0,0
102708,83,4,10.0,0
102709,103,3,9.0,0
102710,54,5,14.0,0
102711,106,6,10.0,0
102712,41,4,6.0,0
102713,110,8,8.0,0
102714,154,4,7.0,0
102715,309,3,4.0,1
102716,682,3,5.0,1
102717,47,5,8.0,0
102718,27,3,9.0,0
102719,82,4,5.0,0
102720,134,6,13.0,0
102721,60,6,15.0,0
102722,210,5,8.0,0
102723,186,8,13.0,0
102724,2,4,13.0,0
102725,161,6,15.0,0
102726,110,6,10.0,0
102727,169,2,3.0,0
102728,277,2,3.0,0
102729,417,6,11.0,1
102730,506,3,10.0,1
102731,724,1,4.0,1
102732,126,7,15.0,0
102733,690,2,2.0,1
102734,378,5,7.0,1
102735,154,4,8.0,0
102736,169,5,8.0,0
102737,22,8,15.0,0
102738,15,9,15.0,0
102739,379,4,7.0,1
102740,263,4,5.0,0
102741,181,4,7.0,0
102742,174,8,11.0,0
102743,15,6,11.0,0
102744,799,1,1.0,1
102745,557,4,8.0,1
102746,178,3,8.0,0
102747,278,4,9.0,0
102748,412,2,2.0,1
102749,80,5,14.0,0
102750,129,3,7.0,0
102751,475,5,12.0,1
102752,3,4,7.0,0
102753,188,5,10.0,0
102754,206,4,6.0,0
102755,110,5,9.0,0
102756,238,7,17.0,0
102757,163,4,5.0,0
102758,119,6,9.0,0
102759,14,8,18.0,0
102760,389,3,4.0,1
102761,67,6,8.0,0
102762,64,5,9.0,0
102763,142,5,8.0,0
102764,406,7,9.0,1
102765,430,2,5.0,1
102766,283,5,11.0,0
102767,169,6,12.0,0
102768,69,5,10.0,0
102769,84,6,14.0,0
102770,418,5,7.0,1
102771,158,9,18.0,0
102772,299,5,8.0,1
102773,300,7,12.0,1
102774,130,4,8.0,0
102775,219,7,9.0,0
102776,184,12,24.0,0
102777,29,6,13.0,0
102778,96,4,5.0,0
102779,26,9,20.0,0
102780,159,6,8.0,0
102781,95,5,8.0,0
102782,95,6,15.0,0
102783,233,6,14.0,0
102784,295,3,9.0,1
102785,2,6,16.0,0
102786,326,2,3.0,1
102787,230,5,9.0,0
102788,452,3,8.0,1
102789,188,5,9.0,0
102790,111,7,13.0,0
102791,28,5,6.0,0
102792,110,9,19.0,0
102793,31,5,11.0,0
102794,298,7,12.0,1
102795,265,6,13.0,0
102796,26,3,8.0,0
102797,84,6,16.0,0
102798,28,8,16.0,0
102799,242,6,8.0,0
102800,73,7,16.0,0
102801,386,8,20.0,1
102802,148,8,11.0,0
102803,75,3,11.0,0
102804,38,5,6.0,0
102805,233,4,14.0,0
102806,43,2,2.0,0
102807,184,3,4.0,0
102808,368,4,4.0,1
102809,73,6,10.0,0
102810,128,5,10.0,0
102811,34,6,15.0,0
102812,242,2,2.0,0
102813,282,6,9.0,0
102814,191,3,4.0,0
102815,168,3,9.0,0
102816,33,3,7.0,0
102817,521,4,8.0,1
102818,102,4,8.0,0
102819,90,6,13.0,0
102820,341,9,16.0,1
102821,22,6,11.0,0
102822,18,7,15.0,0
102823,295,1,1.0,1
102824,454,5,7.0,1
102825,199,4,6.0,0
102826,207,6,11.0,0
102827,239,9,16.0,0
102828,144,5,7.0,0
102829,234,8,13.0,0
102830,123,4,6.0,0
102831,47,8,11.0,0
102832,587,2,2.0,1
102833,68,7,15.0,0
102834,150,4,6.0,0
102835,321,2,2.0,1
102836,24,5,7.0,0
102837,282,5,7.0,0
102838,390,2,5.0,1
102839,71,10,14.0,0
102840,446,7,12.0,1
102841,143,2,3.0,0
102842,372,6,11.0,1
102843,269,6,13.0,0
102844,4,5,6.0,0
102845,215,6,7.0,0
102846,285,6,12.0,0
102847,98,5,7.0,0
102848,35,6,11.0,0
102849,181,5,13.0,0
102850,229,4,9.0,0
102851,27,6,6.0,0
102852,120,8,20.0,0
102853,339,4,9.0,1
102854,273,6,10.0,0
102855,191,7,15.0,0
102856,84,7,11.0,0
102857,17,6,9.0,0
102858,361,6,12.0,1
102859,131,6,7.0,0
102860,372,3,5.0,1
102861,121,4,10.0,0
102862,94,5,14.0,0
102863,331,3,5.0,1
102864,444,3,5.0,1
102865,544,2,3.0,1
102866,81,6,12.0,0
102867,30,4,5.0,0
102868,186,5,7.0,0
102869,177,6,11.0,0
102870,40,3,5.0,0
102871,284,4,5.0,0
102872,109,5,10.0,0
102873,332,3,5.0,1
102874,72,5,8.0,0
102875,263,6,10.0,0
102876,277,5,8.0,0
102877,167,4,11.0,0
102878,375,2,4.0,1
102879,150,4,8.0,0
102880,5,4,11.0,0
102881,64,5,11.0,0
102882,75,4,6.0,0
102883,515,2,3.0,1
102884,28,10,15.0,0
102885,380,3,8.0,1
102886,54,5,10.0,0
102887,92,5,6.0,0
102888,60,8,14.0,0
102889,234,2,2.0,0
102890,320,5,8.0,1
102891,2,6,9.0,0
102892,181,10,18.0,0
102893,281,5,8.0,0
102894,17,2,5.0,0
102895,30,5,10.0,0
102896,544,2,3.0,1
102897,58,9,13.0,0
102898,185,4,8.0,0
102899,246,5,11.0,0
102900,140,1,1.0,0
102901,344,6,8.0,1
102902,297,2,3.0,1
102903,241,6,7.0,0
102904,129,4,5.0,0
102905,269,4,8.0,0
102906,124,4,9.0,0
102907,217,6,12.0,0
102908,94,5,13.0,0
102909,40,7,14.0,0
102910,249,3,6.0,0
102911,63,7,11.0,0
102912,190,7,15.0,0
102913,176,5,9.0,0
102914,46,6,16.0,0
102915,323,4,5.0,1
102916,57,3,10.0,0
102917,285,4,7.0,0
102918,210,3,5.0,0
102919,96,7,12.0,0
102920,30,7,12.0,0
102921,4,7,11.0,0
102922,63,6,10.0,0
102923,40,3,3.0,0
102924,249,5,14.0,0
102925,242,5,13.0,0
102926,221,4,8.0,0
102927,30,8,12.0,0
102928,11,5,9.0,0
102929,364,6,12.0,1
102930,196,2,3.0,0
102931,193,2,6.0,0
102932,25,7,16.0,0
102933,42,5,16.0,0
102934,335,3,7.0,1
102935,9,9,14.0,0
102936,19,3,7.0,0
102937,1,4,5.0,0
102938,113,5,13.0,0
102939,462,4,7.0,1
102940,113,6,10.0,0
102941,226,5,16.0,0
102942,263,3,8.0,0
102943,154,4,9.0,0
102944,162,11,18.0,0
102945,70,5,11.0,0
102946,152,5,10.0,0
102947,191,7,8.0,0
102948,29,11,19.0,0
102949,10,7,10.0,0
102950,150,7,14.0,0
102951,30,3,6.0,0
102952,153,3,7.0,0
102953,28,5,10.0,0
102954,49,4,12.0,0
102955,7,4,11.0,0
102956,18,5,9.0,0
102957,3,7,11.0,0
102958,2,1,2.0,0
102959,156,5,7.0,0
102960,70,7,9.0,0
102961,544,4,5.0,1
102962,428,3,5.0,1
102963,420,3,7.0,1
102964,46,8,18.0,0
102965,248,3,4.0,0
102966,730,2,5.0,1
102967,13,5,11.0,0
102968,171,4,7.0,0
102969,18,11,20.0,0
102970,115,4,8.0,0
102971,297,6,8.0,1
102972,526,2,4.0,1
102973,144,5,11.0,0
102974,640,1,3.0,1
102975,33,3,5.0,0
102976,146,4,6.0,0
102977,198,5,10.0,0
102978,371,3,4.0,1
102979,10,5,14.0,0
102980,412,3,3.0,1
102981,73,5,9.0,0
102982,47,8,17.0,0
102983,93,2,3.0,0
102984,585,4,9.0,1
102985,263,3,5.0,0
102986,237,4,6.0,0
102987,526,2,4.0,1
102988,266,4,8.0,0
102989,201,9,19.0,0
102990,157,7,12.0,0
102991,29,7,15.0,0
102992,188,3,4.0,0
102993,329,3,6.0,1
102994,314,3,5.0,1
102995,265,3,7.0,0
102996,51,5,10.0,0
102997,225,6,9.0,0
102998,251,4,4.0,0
102999,131,8,10.0,0
103000,244,6,11.0,0
103001,286,5,10.0,0
103002,96,9,15.0,0
103003,63,7,13.0,0
103004,427,4,8.0,1
103005,42,5,7.0,0
103006,167,7,10.0,0
103007,357,4,6.0,1
103008,272,3,5.0,0
103009,432,5,11.0,1
103010,262,6,16.0,0
103011,26,3,5.0,0
103012,167,7,11.0,0
103013,279,7,12.0,0
103014,56,6,12.0,0
103015,216,4,9.0,0
103016,31,3,5.0,0
103017,257,4,6.0,0
103018,19,2,5.0,0
103019,26,10,23.0,0
103020,233,6,13.0,0
103021,217,3,7.0,0
103022,14,4,6.0,0
103023,16,4,9.0,0
103024,113,5,9.0,0
103025,254,8,14.0,0
103026,52,5,13.0,0
103027,295,5,7.0,1
103028,542,1,1.0,1
103029,301,4,6.0,1
103030,498,2,6.0,1
103031,45,8,12.0,0
103032,124,5,11.0,0
103033,53,10,19.0,0
103034,33,4,7.0,0
103035,5,6,8.0,0
103036,127,4,6.0,0
103037,266,3,9.0,0
103038,217,3,3.0,0
103039,293,7,14.0,1
103040,283,3,7.0,0
103041,395,3,4.0,1
103042,196,2,5.0,0
103043,18,5,9.0,0
103044,142,8,14.0,0
103045,301,3,8.0,1
103046,714,2,2.0,1
103047,64,10,25.0,0
103048,514,3,5.0,1
103049,144,4,8.0,0
103050,6,5,7.0,0
103051,181,4,6.0,0
103052,736,2,2.0,1
103053,119,6,9.0,0
103054,168,2,4.0,0
103055,431,3,5.0,1
103056,169,2,4.0,0
103057,738,1,5.0,1
103058,312,8,15.0,1
103059,156,7,14.0,0
103060,4,5,10.0,0
103061,73,3,5.0,0
103062,48,8,12.0,0
103063,204,3,5.0,0
103064,106,4,6.0,0
103065,445,7,12.0,1
103066,168,6,8.0,0
103067,37,4,6.0,0
103068,282,8,15.0,0
103069,167,6,13.0,0
103070,17,6,8.0,0
103071,282,3,4.0,0
103072,329,6,11.0,1
103073,254,3,7.0,0
103074,45,8,19.0,0
103075,272,4,7.0,0
103076,19,8,17.0,0
103077,109,7,12.0,0
103078,128,3,4.0,0
103079,182,9,19.0,0
103080,41,8,15.0,0
103081,266,4,9.0,0
103082,215,8,14.0,0
103083,106,4,7.0,0
103084,110,6,8.0,0
103085,546,2,5.0,1
103086,214,8,14.0,0
103087,207,2,4.0,0
103088,65,6,11.0,0
103089,257,5,10.0,0
103090,87,5,8.0,0
103091,33,4,6.0,0
103092,577,3,8.0,1
103093,115,3,7.0,0
103094,13,6,11.0,0
103095,132,1,2.0,0
103096,21,9,13.0,0
103097,187,7,16.0,0
103098,275,3,4.0,0
103099,44,2,4.0,0
103100,55,2,2.0,0
103101,245,5,8.0,0
103102,282,6,13.0,0
103103,104,5,13.0,0
103104,53,6,18.0,0
103105,325,3,5.0,1
103106,127,6,11.0,0
103107,130,5,9.0,0
103108,89,4,9.0,0
103109,42,3,8.0,0
103110,319,4,7.0,1
103111,307,6,17.0,1
103112,163,3,5.0,0
103113,295,6,12.0,1
103114,160,2,3.0,0
103115,816,2,4.0,1
103116,270,6,7.0,0
103117,406,3,7.0,1
103118,294,4,8.0,1
103119,171,2,6.0,0
103120,258,2,4.0,0
103121,159,4,9.0,0
103122,14,4,8.0,0
103123,51,7,11.0,0
103124,59,9,19.0,0
103125,313,5,5.0,1
103126,11,5,8.0,0
103127,393,4,9.0,1
103128,78,6,22.0,0
103129,11,9,21.0,0
103130,181,9,20.0,0
103131,183,5,13.0,0
103132,184,6,15.0,0
103133,166,11,18.0,0
103134,206,2,7.0,0
103135,178,7,18.0,0
103136,482,6,10.0,1
103137,38,6,11.0,0
103138,4,3,5.0,0
103139,83,7,13.0,0
103140,155,6,9.0,0
103141,164,7,15.0,0
103142,468,4,9.0,1
103143,89,6,11.0,0
103144,4,3,6.0,0
103145,588,3,7.0,1
103146,167,12,25.0,0
103147,63,4,6.0,0
103148,51,7,15.0,0
103149,173,4,5.0,0
103150,49,7,13.0,0
103151,5,8,14.0,0
103152,144,10,16.0,0
103153,84,4,6.0,0
103154,266,9,16.0,0
103155,26,6,10.0,0
103156,270,12,27.0,0
103157,83,4,6.0,0
103158,374,1,1.0,1
103159,715,2,4.0,1
103160,57,8,16.0,0
103161,227,6,14.0,0
103162,401,2,4.0,1
103163,254,8,15.0,0
103164,216,5,14.0,0
103165,207,9,13.0,0
103166,244,4,6.0,0
103167,565,2,6.0,1
103168,234,5,8.0,0
103169,9,9,18.0,0
103170,373,3,6.0,1
103171,228,6,11.0,0
103172,217,4,5.0,0
103173,419,3,7.0,1
103174,99,6,12.0,0
103175,83,6,15.0,0
103176,262,6,10.0,0
103177,344,4,5.0,1
103178,191,5,7.0,0
103179,24,4,8.0,0
103180,22,5,10.0,0
103181,215,9,15.0,0
103182,97,4,8.0,0
103183,287,3,7.0,1
103184,365,2,4.0,1
103185,74,2,2.0,0
103186,37,6,14.0,0
103187,305,5,7.0,1
103188,34,8,13.0,0
103189,94,9,17.0,0
103190,365,4,4.0,1
103191,347,4,11.0,1
103192,11,4,7.0,0
103193,225,3,6.0,0
103194,218,4,8.0,0
103195,104,3,6.0,0
103196,81,3,6.0,0
103197,222,7,14.0,0
103198,239,6,8.0,0
103199,104,6,16.0,0
103200,111,7,18.0,0
103201,379,2,3.0,1
103202,179,5,8.0,0
103203,123,3,5.0,0
103204,201,3,5.0,0
103205,36,4,13.0,0
103206,131,6,13.0,0
103207,24,11,19.0,0
103208,64,4,12.0,0
103209,109,2,4.0,0
103210,387,2,3.0,1
103211,239,4,9.0,0
103212,211,4,7.0,0
103213,195,4,7.0,0
103214,76,6,10.0,0
103215,108,7,21.0,0
103216,38,5,5.0,0
103217,297,4,7.0,1
103218,90,4,8.0,0
103219,81,5,11.0,0
103220,66,4,6.0,0
103221,404,4,8.0,1
103222,277,5,8.0,0
103223,44,7,16.0,0
103224,319,4,5.0,1
103225,393,4,9.0,1
103226,414,6,21.0,1
103227,190,3,6.0,0
103228,238,7,13.0,0
103229,127,4,6.0,0
103230,2,4,8.0,0
103231,576,3,7.0,1
103232,311,4,6.0,1
103233,4,9,15.0,0
103234,504,1,3.0,1
103235,150,6,12.0,0
103236,365,2,3.0,1
103237,419,3,6.0,1
103238,87,3,4.0,0
103239,111,5,9.0,0
103240,280,1,1.0,0
103241,70,6,9.0,0
103242,72,8,18.0,0
103243,223,4,7.0,0
103244,309,6,13.0,1
103245,426,2,2.0,1
103246,173,8,13.0,0
103247,69,4,6.0,0
103248,29,8,13.0,0
103249,108,5,4.0,0
103250,259,8,12.0,0
103251,180,7,18.0,0
103252,121,3,6.0,0
103253,150,7,17.0,0
103254,25,4,10.0,0
103255,52,7,11.0,0
103256,476,9,13.0,1
103257,657,2,4.0,1
103258,159,7,13.0,0
103259,188,4,4.0,0
103260,58,5,12.0,0
103261,569,1,1.0,1
103262,18,2,3.0,0
103263,109,9,16.0,0
103264,137,3,8.0,0
103265,307,5,6.0,1
103266,310,8,14.0,1
103267,47,5,11.0,0
103268,148,10,14.0,0
103269,414,4,8.0,1
103270,73,5,10.0,0
103271,42,8,17.0,0
103272,44,2,3.0,0
103273,141,3,5.0,0
103274,58,6,11.0,0
103275,452,2,7.0,1
103276,162,1,1.0,0
103277,116,9,18.0,0
103278,163,11,21.0,0
103279,37,8,17.0,0
103280,4,4,11.0,0
103281,32,6,9.0,0
103282,52,7,12.0,0
103283,103,5,13.0,0
103284,7,10,23.0,0
103285,186,9,19.0,0
103286,410,3,4.0,1
103287,108,7,14.0,0
103288,24,7,15.0,0
103289,225,9,20.0,0
103290,26,8,9.0,0
103291,48,3,5.0,0
103292,65,6,9.0,0
103293,225,3,3.0,0
103294,268,5,9.0,0
103295,51,4,5.0,0
103296,444,2,2.0,1
103297,157,3,4.0,0
103298,351,5,13.0,1
103299,266,3,4.0,0
103300,165,12,29.0,0
103301,116,2,7.0,0
103302,250,6,8.0,0
103303,16,7,13.0,0
103304,216,8,15.0,0
103305,71,4,8.0,0
103306,207,4,9.0,0
103307,150,3,8.0,0
103308,152,2,5.0,0
103309,105,8,12.0,0
103310,40,10,14.0,0
103311,241,8,13.0,0
103312,416,6,8.0,1
103313,15,10,17.0,0
103314,6,5,6.0,0
103315,47,3,5.0,0
103316,95,3,5.0,0
103317,180,4,9.0,0
103318,17,8,12.0,0
103319,311,7,17.0,1
103320,153,4,7.0,0
103321,179,5,11.0,0
103322,192,7,13.0,0
103323,714,3,6.0,1
103324,21,7,15.0,0
103325,217,6,9.0,0
103326,403,5,8.0,1
103327,47,6,13.0,0
103328,360,9,20.0,1
103329,139,6,9.0,0
103330,192,6,12.0,0
103331,8,2,3.0,0
103332,131,6,13.0,0
103333,113,6,7.0,0
103335,206,5,8.0,0
103336,175,7,9.0,0
103337,376,4,10.0,1
103338,157,6,15.0,0
103339,71,7,13.0,0
103340,369,3,6.0,1
103341,305,5,9.0,1
103342,166,5,11.0,0
103343,25,5,10.0,0
103344,24,7,9.0,0
103345,286,4,3.0,0
103346,20,9,18.0,0
103347,388,2,5.0,1
103348,2,6,12.0,0
103349,7,7,12.0,0
103350,288,5,7.0,1
103351,200,4,8.0,0
103352,122,4,9.0,0
103353,684,1,1.0,1
103354,22,4,10.0,0
103355,664,2,4.0,1
103356,316,8,16.0,1
103357,275,7,13.0,0
103358,162,6,11.0,0
103359,178,4,7.0,0
103360,372,7,14.0,1
103361,119,2,3.0,0
103362,344,7,12.0,1
103363,32,6,9.0,0
103364,166,11,17.0,0
103365,366,2,5.0,1
103366,182,8,17.0,0
103367,351,3,4.0,1
103368,161,2,3.0,0
103369,48,8,18.0,0
103370,57,10,23.0,0
103371,54,6,11.0,0
103372,206,2,4.0,0
103373,61,7,12.0,0
103374,88,5,6.0,0
103375,212,3,9.0,0
103376,285,4,8.0,0
103377,291,7,11.0,1
103378,157,6,14.0,0
103379,529,3,4.0,1
103380,431,3,9.0,1
103381,452,4,7.0,1
103382,271,4,5.0,0
103383,238,8,21.0,0
103384,174,4,7.0,0
103385,183,4,12.0,0
103386,351,12,18.0,1
103387,562,3,5.0,1
103388,285,3,6.0,0
103389,483,3,4.0,1
103390,348,3,11.0,1
103391,290,7,16.0,1
103392,111,5,6.0,0
103393,4,4,7.0,0
103394,66,8,15.0,0
103395,170,5,9.0,0
103396,211,6,7.0,0
103397,36,7,11.0,0
103398,193,5,7.0,0
103399,246,7,13.0,0
103400,138,2,3.0,0
103401,423,3,5.0,1
103402,14,4,8.0,0
103403,375,6,7.0,1
103404,285,6,13.0,0
103405,136,4,7.0,0
103406,283,2,2.0,0
103407,176,3,6.0,0
103408,34,4,5.0,0
103409,164,4,7.0,0
103410,169,8,19.0,0
103411,573,4,5.0,1
103412,463,5,10.0,1
103413,489,3,7.0,1
103414,269,4,5.0,0
103415,117,4,12.0,0
103416,276,4,10.0,0
103417,33,8,13.0,0
103418,368,3,5.0,1
103419,365,3,8.0,1
103420,28,2,4.0,0
103421,63,6,14.0,0
103422,231,3,3.0,0
103423,45,8,21.0,0
103424,320,6,9.0,1
103425,31,7,14.0,0
103426,194,5,12.0,0
103427,32,4,6.0,0
103428,308,3,9.0,1
103429,101,3,5.0,0
103430,289,4,9.0,1
103432,106,6,14.0,0
103433,109,3,10.0,0
103434,273,5,14.0,0
103435,426,4,9.0,1
103436,7,4,8.0,0
103437,175,8,19.0,0
103438,616,4,9.0,1
103439,67,7,18.0,0
103440,172,6,8.0,0
103441,65,6,14.0,0
103442,175,5,10.0,0
103443,82,11,20.0,0
103444,328,3,9.0,1
103445,106,3,3.0,0
103446,170,5,8.0,0
103447,12,4,6.0,0
103448,694,3,7.0,1
103449,481,3,7.0,1
103450,286,3,4.0,0
103451,48,3,7.0,0
103452,163,6,12.0,0
103453,163,8,10.0,0
103454,143,4,4.0,0
103455,41,6,9.0,0
103456,179,5,9.0,0
103457,192,5,10.0,0
103458,149,4,14.0,0
103459,157,8,19.0,0
103460,98,6,7.0,0
103461,117,8,17.0,0
103462,51,4,6.0,0
103463,637,3,3.0,1
103464,155,5,12.0,0
103465,629,2,3.0,1
103466,218,4,6.0,0
103467,83,5,9.0,0
103468,186,3,5.0,0
103469,253,5,7.0,0
103470,136,5,7.0,0
103471,52,5,12.0,0
103472,44,7,8.0,0
103473,200,5,14.0,0
103474,146,7,10.0,0
103475,46,6,9.0,0
103476,47,4,7.0,0
103477,168,5,8.0,0
103478,25,3,7.0,0
103479,391,3,5.0,1
103480,261,3,6.0,0
103481,236,4,9.0,0
103482,19,6,10.0,0
103483,2,6,10.0,0
103484,258,6,8.0,0
103485,68,4,9.0,0
103486,45,6,10.0,0
103487,227,8,13.0,0
103488,171,2,2.0,0
103489,18,5,11.0,0
103490,308,4,10.0,1
103491,48,12,23.0,0
103492,444,4,10.0,1
103493,245,5,8.0,0
103494,228,5,8.0,0
103495,14,3,7.0,0
103496,92,7,15.0,0
103497,191,5,7.0,0
103498,193,5,10.0,0
103499,68,10,25.0,0
103500,400,3,10.0,1
103501,49,4,8.0,0
103502,36,5,6.0,0
103503,13,4,8.0,0
103504,311,3,5.0,1
103505,281,4,6.0,0
103506,535,3,3.0,1
103507,160,4,8.0,0
103508,54,7,8.0,0
103509,2,4,6.0,0
103510,191,4,7.0,0
103511,287,7,13.0,1
103512,58,3,6.0,0
103513,34,3,3.0,0
103514,155,6,9.0,0
103515,246,3,6.0,0
103516,39,7,12.0,0
103517,171,6,13.0,0
103518,275,7,8.0,0
103519,92,6,6.0,0
103520,95,5,12.0,0
103521,274,2,2.0,0
103522,86,3,3.0,0
103523,115,7,16.0,0
103524,67,4,5.0,0
103525,17,5,10.0,0
103526,376,3,6.0,1
103527,375,4,11.0,1
103528,152,11,20.0,0
103529,114,6,10.0,0
103530,229,7,12.0,0
103531,189,5,10.0,0
103532,6,10,23.0,0
103533,43,8,11.0,0
103534,61,8,19.0,0
103535,236,7,20.0,0
103536,76,4,6.0,0
103537,185,5,12.0,0
103538,54,5,10.0,0
103539,315,6,9.0,1
103540,45,7,14.0,0
103541,14,9,17.0,0
103542,222,7,14.0,0
103543,66,10,18.0,0
103544,93,5,9.0,0
103545,287,2,6.0,1
103546,373,4,8.0,1
103547,107,8,12.0,0
103548,379,2,3.0,1
103549,288,4,7.0,1
103550,247,5,9.0,0
103551,46,6,12.0,0
103552,17,5,15.0,0
103553,125,8,14.0,0
103554,288,3,11.0,1
103555,208,5,12.0,0
103556,362,5,9.0,1
103557,707,2,7.0,1
103558,409,2,5.0,1
103559,68,5,5.0,0
103560,52,8,18.0,0
103561,411,6,12.0,1
103562,360,3,8.0,1
103563,60,13,26.0,0
103564,84,3,4.0,0
103565,240,4,6.0,0
103566,25,8,14.0,0
103567,199,3,8.0,0
103568,49,4,9.0,0
103569,79,4,8.0,0
103570,911,1,1.0,1
103571,94,1,5.0,0
103572,411,6,14.0,1
103573,72,9,19.0,0
103574,139,7,14.0,0
103575,250,6,12.0,0
103576,23,3,5.0,0
103577,229,5,10.0,0
103578,410,4,5.0,1
103579,139,9,22.0,0
103580,410,4,8.0,1
103581,267,4,6.0,0
103582,422,3,3.0,1
103583,458,2,6.0,1
103584,4,8,15.0,0
103585,317,5,9.0,1
103586,47,4,7.0,0
103587,32,3,4.0,0
103588,88,7,15.0,0
103589,301,5,7.0,1
103590,116,6,7.0,0
103591,442,3,6.0,1
103592,209,6,11.0,0
103593,164,7,16.0,0
103594,222,7,11.0,0
103595,168,5,9.0,0
103596,298,6,9.0,1
103597,193,5,10.0,0
103598,59,4,7.0,0
103599,242,4,7.0,0
103600,27,6,10.0,0
103601,21,8,18.0,0
103602,338,3,6.0,1
103603,160,5,10.0,0
103604,22,5,6.0,0
103605,88,4,6.0,0
103606,407,3,7.0,1
103607,46,5,11.0,0
103608,129,4,5.0,0
103609,231,5,7.0,0
103610,138,9,23.0,0
103611,200,10,20.0,0
103612,48,7,17.0,0
103613,19,6,6.0,0
103614,91,3,3.0,0
103615,282,5,10.0,0
103616,83,6,12.0,0
103617,57,8,15.0,0
103618,122,6,14.0,0
103619,126,6,11.0,0
103620,764,2,1.0,1
103621,10,7,14.0,0
103622,575,1,1.0,1
103623,447,5,9.0,1
103624,59,6,11.0,0
103625,121,4,7.0,0
103626,583,4,6.0,1
103627,40,7,16.0,0
103628,418,3,8.0,1
103629,54,6,14.0,0
103630,200,2,3.0,0
103631,52,5,8.0,0
103632,126,4,4.0,0
103633,342,8,15.0,1
103634,161,4,7.0,0
103635,80,11,18.0,0
103636,129,7,17.0,0
103637,329,4,7.0,1
103639,266,3,6.0,0
103640,49,4,6.0,0
103641,274,6,13.0,0
103642,68,7,15.0,0
103643,170,3,4.0,0
103644,79,6,11.0,0
103645,214,3,6.0,0
103646,28,8,18.0,0
103647,43,12,24.0,0
103648,340,7,11.0,1
103649,355,3,8.0,1
103650,82,5,7.0,0
103651,124,6,14.0,0
103652,19,6,14.0,0
103653,51,7,17.0,0
103654,372,1,1.0,1
103655,269,6,7.0,0
103656,191,6,11.0,0
103657,117,4,7.0,0
103658,195,7,10.0,0
103659,94,3,4.0,0
103660,82,4,7.0,0
103661,492,5,11.0,1
103662,323,9,19.0,1
103663,373,3,4.0,1
103664,234,6,14.0,0
103665,66,6,9.0,0
103666,303,4,7.0,1
103667,253,5,10.0,0
103668,22,5,15.0,0
103669,215,6,8.0,0
103670,334,6,11.0,1
103671,188,6,17.0,0
103672,25,7,14.0,0
103673,104,4,9.0,0
103674,3,5,8.0,0
103675,731,3,4.0,1
103676,39,3,9.0,0
103677,77,8,12.0,0
103678,330,5,15.0,1
103679,336,6,7.0,1
103680,126,6,12.0,0
103681,216,2,5.0,0
103682,131,2,7.0,0
103683,277,4,10.0,0
103684,379,4,8.0,1
103685,115,5,10.0,0
103686,254,7,15.0,0
103687,633,1,1.0,1
103688,184,7,10.0,0
103689,221,4,10.0,0
103690,4,4,5.0,0
103691,17,5,12.0,0
103692,443,1,1.0,1
103693,207,5,11.0,0
103694,509,3,4.0,1
103695,307,4,7.0,1
103696,24,6,10.0,0
103697,144,2,3.0,0
103698,2,2,2.0,0
103699,309,5,13.0,1
103700,51,11,21.0,0
103702,16,9,26.0,0
103703,340,5,10.0,1
103704,373,5,13.0,1
103705,206,4,9.0,0
103706,308,3,6.0,1
103707,34,8,16.0,0
103708,41,5,16.0,0
103709,425,4,7.0,1
103710,26,8,13.0,0
103711,188,3,5.0,0
103712,62,6,8.0,0
103713,71,9,16.0,0
103714,236,8,19.0,0
103715,185,7,11.0,0
103716,95,10,18.0,0
103717,217,2,2.0,0
103718,336,6,8.0,1
103719,788,1,4.0,1
103720,26,9,18.0,0
103721,843,1,3.0,1
103722,171,7,15.0,0
103723,378,3,10.0,1
103724,3,3,8.0,0
103725,160,3,3.0,0
103726,184,3,7.0,0
103727,363,3,7.0,1
103728,194,5,10.0,0
103729,165,7,16.0,0
103730,152,5,8.0,0
103731,796,2,5.0,1
103732,294,1,4.0,1
103733,184,2,3.0,0
103734,13,7,18.0,0
103735,106,5,6.0,0
103736,267,5,8.0,0
103737,18,4,7.0,0
103738,528,4,5.0,1
103739,179,6,16.0,0
103740,12,7,14.0,0
103741,267,4,9.0,0
103742,329,2,2.0,1
103743,285,4,6.0,0
103744,27,7,16.0,0
103745,4,5,11.0,0
103746,10,8,13.0,0
103747,62,5,17.0,0
103748,41,6,14.0,0
103749,49,2,6.0,0
103750,17,5,12.0,0
103751,357,3,3.0,1
103752,162,4,5.0,0
103753,467,4,6.0,1
103754,508,3,4.0,1
103755,138,4,9.0,0
103756,21,6,11.0,0
103757,218,3,9.0,0
103758,290,4,5.0,1
103759,227,5,7.0,0
103760,1,11,24.0,0
103761,449,8,15.0,1
103762,26,4,5.0,0
103763,11,4,7.0,0
103764,232,12,28.0,0
103765,185,7,14.0,0
103766,108,3,6.0,0
103767,1,7,12.0,0
103768,84,4,7.0,0
103769,448,5,9.0,1
103770,38,6,9.0,0
103771,44,5,9.0,0
103772,286,5,9.0,0
103773,368,4,7.0,1
103775,568,1,4.0,1
103776,24,4,5.0,0
103777,358,6,8.0,1
103778,46,5,10.0,0
103779,116,5,7.0,0
103780,160,5,12.0,0
103781,61,4,6.0,0
103782,311,5,16.0,1
103783,172,9,22.0,0
103784,54,6,20.0,0
103785,52,7,16.0,0
103786,267,4,4.0,0
103787,846,1,3.0,1
103788,325,5,12.0,1
103789,1,7,15.0,0
103790,83,7,13.0,0
103791,27,5,9.0,0
103792,44,5,9.0,0
103793,61,8,16.0,0
103794,166,6,14.0,0
103795,25,9,14.0,0
103796,166,5,9.0,0
103797,26,8,13.0,0
103798,358,3,5.0,1
103799,290,2,3.0,1
103800,207,5,9.0,0
103801,95,5,9.0,0
103802,254,3,3.0,0
103803,151,7,15.0,0
103804,247,1,1.0,0
103805,229,4,7.0,0
103806,138,6,13.0,0
103807,265,5,6.0,0
103808,441,7,14.0,1
103809,618,2,4.0,1
103810,520,2,3.0,1
103811,464,5,10.0,1
103812,160,5,13.0,0
103813,97,7,16.0,0
103814,22,8,15.0,0
103815,337,6,10.0,1
103816,171,5,9.0,0
103817,76,2,5.0,0
103818,156,7,13.0,0
103819,299,3,4.0,1
103820,165,3,4.0,0
103821,141,4,11.0,0
103822,746,3,3.0,1
103823,308,6,13.0,1
103824,133,7,12.0,0
103825,373,4,9.0,1
103826,36,4,8.0,0
103827,329,6,9.0,1
103828,11,6,15.0,0
103830,84,5,12.0,0
103831,80,7,13.0,0
103832,387,5,8.0,1
103833,377,1,4.0,1
103834,99,8,14.0,0
103835,77,6,13.0,0
103836,91,3,5.0,0
103837,222,5,9.0,0
103838,161,8,18.0,0
103839,301,4,5.0,1
103840,76,12,23.0,0
103841,132,3,4.0,0
103842,549,2,3.0,1
103843,86,6,10.0,0
103844,176,2,2.0,0
103845,255,4,8.0,0
103846,696,2,6.0,1
103847,55,5,7.0,0
103848,247,4,10.0,0
103849,361,4,6.0,1
103850,117,7,13.0,0
103851,235,7,12.0,0
103852,185,3,9.0,0
103853,59,5,14.0,0
103854,57,8,11.0,0
103855,321,7,14.0,1
103856,45,5,9.0,0
103857,696,3,4.0,1
103858,245,4,4.0,0
103859,674,3,9.0,1
103860,228,6,10.0,0
103861,141,2,2.0,0
103862,212,5,9.0,0
103863,220,3,6.0,0
103864,307,3,5.0,1
103865,247,7,12.0,0
103866,362,4,7.0,1
103867,56,5,10.0,0
103868,117,5,6.0,0
103869,44,5,13.0,0
103870,652,2,3.0,1
103871,216,6,8.0,0
103872,2,10,18.0,0
103873,9,7,16.0,0
103874,289,3,5.0,1
103875,241,3,7.0,0
103876,550,2,2.0,1
103877,269,7,15.0,0
103878,276,3,3.0,0
103879,530,4,5.0,1
103880,244,6,9.0,0
103882,116,6,17.0,0
103883,178,3,7.0,0
103884,65,5,12.0,0
103885,250,4,11.0,0
103886,257,6,15.0,0
103887,116,6,14.0,0
103888,665,1,1.0,1
103889,107,7,12.0,0
103890,60,5,9.0,0
103891,631,2,3.0,1
103892,32,12,19.0,0
103893,243,3,4.0,0
103894,216,7,9.0,0
103895,204,4,5.0,0
103896,218,4,7.0,0
103897,113,6,11.0,0
103898,492,3,6.0,1
103899,177,3,4.0,0
103900,77,7,14.0,0
103901,204,2,3.0,0
103902,103,4,6.0,0
103903,882,1,1.0,1
103904,166,8,16.0,0
103905,71,3,4.0,0
103906,165,3,10.0,0
103907,222,3,3.0,0
103908,39,6,8.0,0
103909,32,5,6.0,0
103910,223,3,6.0,0
103911,65,7,12.0,0
103912,23,8,16.0,0
103913,104,6,10.0,0
103914,65,2,2.0,0
103915,426,3,4.0,1
103916,442,4,5.0,1
103917,290,4,11.0,1
103918,158,6,9.0,0
103919,8,7,13.0,0
103920,137,7,12.0,0
103921,180,5,11.0,0
103922,291,9,16.0,1
103923,29,8,16.0,0
103924,65,4,7.0,0
103925,123,8,17.0,0
103926,229,6,13.0,0
103927,180,2,4.0,0
103928,51,5,9.0,0
103929,110,6,12.0,0
103930,185,4,10.0,0
103931,234,6,9.0,0
103932,129,4,6.0,0
103933,64,2,6.0,0
103934,726,2,3.0,1
103935,76,4,10.0,0
103936,124,6,7.0,0
103937,120,7,13.0,0
103938,130,8,13.0,0
103939,38,6,10.0,0
103940,74,4,7.0,0
103941,209,8,10.0,0
103942,203,6,16.0,0
103943,167,3,6.0,0
103944,135,9,25.0,0
103945,194,2,2.0,0
103946,266,4,6.0,0
103947,156,3,9.0,0
103948,360,4,4.0,1
103949,178,4,6.0,0
103950,581,3,7.0,1
103951,17,5,7.0,0
103952,841,1,2.0,1
103953,4,4,6.0,0
103954,82,5,10.0,0
103955,364,3,5.0,1
103956,317,2,8.0,1
103957,34,7,12.0,0
103958,255,4,6.0,0
103959,368,4,5.0,1
103960,301,7,12.0,1
103961,1,4,8.0,0
103962,64,5,10.0,0
103963,121,7,15.0,0
103964,213,4,6.0,0
103965,102,8,16.0,0
103966,62,8,13.0,0
103967,256,7,12.0,0
103968,74,2,4.0,0
103969,15,8,19.0,0
103970,162,6,8.0,0
103971,66,6,8.0,0
103972,351,4,6.0,1
103973,104,8,16.0,0
103974,45,6,13.0,0
103975,37,3,4.0,0
103976,73,5,9.0,0
103977,279,5,10.0,0
103978,251,6,11.0,0
103979,185,8,15.0,0
103980,314,2,5.0,1
103981,204,2,2.0,0
103982,64,7,20.0,0
103983,387,6,8.0,1
103984,81,8,18.0,0
103985,107,8,17.0,0
103986,9,3,7.0,0
103987,147,4,9.0,0
103988,412,3,5.0,1
103989,432,4,6.0,1
103990,432,3,6.0,1
103991,37,6,11.0,0
103992,167,6,16.0,0
103993,176,2,6.0,0
103994,45,11,25.0,0
103995,53,7,15.0,0
103996,189,5,8.0,0
103997,220,6,12.0,0
103998,221,4,8.0,0
103999,413,4,4.0,1
104000,57,4,9.0,0
104001,16,3,4.0,0
104002,518,2,3.0,1
104003,159,6,17.0,0
104004,117,9,16.0,0
104005,685,3,5.0,1
104006,468,2,3.0,1
104007,486,2,4.0,1
104008,214,5,9.0,0
104009,798,2,5.0,1
104010,33,6,12.0,0
104011,23,4,6.0,0
104012,45,5,6.0,0
104013,187,5,5.0,0
104014,234,3,4.0,0
104015,208,8,16.0,0
104016,78,8,14.0,0
104017,34,9,15.0,0
104018,272,8,15.0,0
104019,361,3,6.0,1
104020,245,4,4.0,0
104021,68,8,13.0,0
104022,284,7,8.0,0
104023,177,4,13.0,0
104024,171,6,15.0,0
104025,258,4,9.0,0
104026,221,6,9.0,0
104027,158,6,11.0,0
104028,193,4,11.0,0
104029,493,3,3.0,1
104030,244,7,15.0,0
104031,158,3,4.0,0
104032,131,5,10.0,0
104033,200,5,11.0,0
104034,39,5,10.0,0
104035,135,5,9.0,0
104036,105,6,11.0,0
104037,165,5,8.0,0
104038,141,4,6.0,0
104039,108,6,13.0,0
104040,61,9,26.0,0
104041,206,6,8.0,0
104042,62,4,5.0,0
104043,312,2,3.0,1
104044,209,8,16.0,0
104045,32,4,10.0,0
104046,23,4,8.0,0
104047,70,6,12.0,0
104048,189,2,6.0,0
104049,22,5,14.0,0
104050,157,3,6.0,0
104051,306,3,5.0,1
104052,242,3,3.0,0
104053,239,6,15.0,0
104054,262,6,12.0,0
104055,372,4,6.0,1
104056,10,8,17.0,0
104057,299,3,6.0,1
104058,88,7,13.0,0
104059,152,6,11.0,0
104060,33,5,11.0,0
104061,369,5,9.0,1
104062,249,1,2.0,0
104063,38,6,12.0,0
104064,122,5,11.0,0
104065,187,8,16.0,0
104066,168,2,6.0,0
104067,160,4,10.0,0
104068,542,3,5.0,1
104069,326,3,7.0,1
104070,5,5,6.0,0
104071,156,7,12.0,0
104072,179,5,8.0,0
104073,58,5,8.0,0
104074,12,6,6.0,0
104075,171,3,3.0,0
104076,22,4,6.0,0
104077,33,3,7.0,0
104078,64,7,15.0,0
104079,80,6,11.0,0
104080,173,5,7.0,0
104081,275,2,4.0,0
104082,189,2,2.0,0
104083,637,3,9.0,1
104084,10,6,13.0,0
104085,131,2,4.0,0
104086,56,5,15.0,0
104087,830,2,6.0,1
104088,11,10,16.0,0
104089,22,10,18.0,0
104090,118,12,23.0,0
104091,264,6,13.0,0
104092,181,5,10.0,0
104093,285,10,13.0,0
104094,242,2,4.0,0
104095,105,5,11.0,0
104096,329,5,7.0,1
104097,19,3,7.0,0
104098,252,5,6.0,0
104099,95,9,14.0,0
104100,306,4,10.0,1
104101,114,5,15.0,0
104102,92,3,6.0,0
104103,583,1,5.0,1
104104,344,7,9.0,1
104105,645,2,2.0,1
104106,49,2,4.0,0
104107,384,2,6.0,1
104108,178,5,6.0,0
104109,60,3,3.0,0
104110,166,4,7.0,0
104111,259,2,6.0,0
104112,469,3,10.0,1
104113,157,5,9.0,0
104114,109,7,13.0,0
104115,10,7,11.0,0
104116,314,6,9.0,1
104117,39,4,9.0,0
104118,151,4,6.0,0
104119,26,7,10.0,0
104120,185,2,5.0,0
104121,141,4,11.0,0
104122,158,5,9.0,0
104123,96,4,6.0,0
104124,448,2,3.0,1
104125,15,5,8.0,0
104126,470,3,6.0,1
104127,82,6,8.0,0
104128,1,6,11.0,0
104129,156,6,11.0,0
104130,157,9,14.0,0
104131,367,3,6.0,1
104132,177,2,3.0,0
104133,106,9,17.0,0
104134,292,3,4.0,1
104135,236,4,8.0,0
104136,66,5,15.0,0
104137,45,3,7.0,0
104138,186,5,6.0,0
104139,163,2,4.0,0
104140,481,4,10.0,1
104141,178,3,5.0,0
104142,399,5,8.0,1
104143,19,8,11.0,0
104144,642,1,1.0,1
104145,137,4,8.0,0
104146,583,7,9.0,1
104147,248,3,6.0,0
104148,196,4,7.0,0
104149,115,8,11.0,0
104150,183,7,18.0,0
104151,492,3,3.0,1
104152,102,4,7.0,0
104153,71,8,15.0,0
104154,184,5,12.0,0
104155,12,6,12.0,0
104156,10,3,3.0,0
104157,190,8,14.0,0
104158,48,8,17.0,0
104159,69,5,15.0,0
104160,120,2,6.0,0
104161,220,4,6.0,0
104162,240,5,14.0,0
104163,185,4,7.0,0
104164,135,7,16.0,0
104165,38,6,14.0,0
104166,65,5,9.0,0
104167,92,2,2.0,0
104168,290,4,7.0,1
104169,153,3,7.0,0
104170,230,3,6.0,0
104171,147,7,11.0,0
104172,172,5,8.0,0
104173,93,8,11.0,0
104174,70,6,10.0,0
104175,528,4,8.0,1
104176,221,1,1.0,0
104177,628,2,3.0,1
104178,193,7,15.0,0
104179,43,9,15.0,0
104180,148,5,11.0,0
104181,47,5,11.0,0
104182,41,4,5.0,0
104183,151,6,12.0,0
104184,633,2,2.0,1
104185,42,3,6.0,0
104186,336,6,8.0,1
104187,165,5,14.0,0
104188,77,3,8.0,0
104189,56,3,5.0,0
104190,45,7,18.0,0
104191,312,8,17.0,1
104192,25,8,19.0,0
104193,166,6,10.0,0
104194,366,4,5.0,1
104195,458,3,7.0,1
104196,355,5,8.0,1
104197,83,4,6.0,0
104199,219,3,5.0,0
104200,32,9,15.0,0
104201,175,3,3.0,0
104202,343,2,2.0,1
104203,30,6,16.0,0
104204,185,4,5.0,0
104205,217,4,6.0,0
104206,122,6,7.0,0
104207,76,8,15.0,0
104208,12,4,6.0,0
104209,74,3,6.0,0
104210,55,6,9.0,0
104211,24,4,10.0,0
104212,423,3,3.0,1
104213,500,2,3.0,1
104214,27,3,5.0,0
104215,97,5,13.0,0
104216,326,2,2.0,1
104217,396,3,7.0,1
104218,189,5,11.0,0
104219,91,5,9.0,0
104220,340,3,8.0,1
104222,213,2,2.0,0
104223,213,2,3.0,0
104224,122,4,10.0,0
104225,541,3,9.0,1
104226,168,2,2.0,0
104227,367,9,20.0,1
104228,254,3,5.0,0
104229,102,9,22.0,0
104230,141,4,6.0,0
104231,44,7,19.0,0
104232,177,8,15.0,0
104233,96,5,7.0,0
104234,188,6,12.0,0
104235,372,5,11.0,1
104236,151,7,12.0,0
104237,12,9,20.0,0
104238,33,12,19.0,0
104239,543,3,6.0,1
104240,209,3,3.0,0
104241,149,2,7.0,0
104242,154,7,14.0,0
104243,111,8,14.0,0
104244,9,3,3.0,0
104245,192,8,13.0,0
104246,285,3,4.0,0
104247,189,4,7.0,0
104248,349,4,5.0,1
104249,579,3,5.0,1
104250,308,1,1.0,1
104251,472,4,9.0,1
104252,389,4,5.0,1
104253,235,5,8.0,0
104254,233,6,14.0,0
104255,17,4,9.0,0
104256,296,3,5.0,1
104257,35,5,10.0,0
104258,78,5,8.0,0
104259,16,8,16.0,0
104260,26,8,11.0,0
104261,677,3,4.0,1
104262,322,5,13.0,1
104263,7,7,8.0,0
104264,234,4,7.0,0
104265,102,5,9.0,0
104266,60,6,10.0,0
104267,546,4,5.0,1
104268,121,10,14.0,0
104269,90,5,9.0,0
104270,52,13,21.0,0
104271,112,5,9.0,0
104272,759,2,3.0,1
104273,46,5,9.0,0
104274,594,3,8.0,1
104275,4,2,5.0,0
104276,215,3,8.0,0
104277,178,5,8.0,0
104278,214,8,12.0,0
104279,19,2,3.0,0
104280,56,4,10.0,0
104281,60,5,8.0,0
104282,90,4,9.0,0
104283,12,9,17.0,0
104284,14,5,8.0,0
104285,43,8,13.0,0
104286,20,7,8.0,0
104287,49,7,16.0,0
104288,83,5,10.0,0
104289,472,3,4.0,1
104290,37,4,9.0,0
104291,279,5,11.0,0
104292,353,5,12.0,1
104293,101,5,12.0,0
104294,374,4,8.0,1
104295,436,4,6.0,1
104296,329,2,2.0,1
104297,102,8,16.0,0
104298,165,7,13.0,0
104299,610,4,5.0,1
104300,303,5,12.0,1
104301,136,2,4.0,0
104302,254,5,6.0,0
104303,99,3,5.0,0
104304,138,5,13.0,0
104305,150,5,8.0,0
104306,192,7,13.0,0
104307,781,2,3.0,1
104308,144,7,16.0,0
104309,102,6,10.0,0
104310,58,6,10.0,0
104311,217,7,9.0,0
104312,328,3,5.0,1
104313,376,4,6.0,1
104314,651,3,5.0,1
104315,295,5,9.0,1
104316,73,9,16.0,0
104317,10,10,16.0,0
104318,278,4,9.0,0
104319,293,5,10.0,1
104320,204,8,14.0,0
104321,276,8,14.0,0
104322,159,2,6.0,0
104323,371,1,2.0,1
104324,193,7,13.0,0
104325,328,5,9.0,1
104326,135,3,5.0,0
104327,288,5,7.0,1
104328,89,5,7.0,0
104329,40,11,16.0,0
104330,50,5,13.0,0
104331,184,6,16.0,0
104332,313,4,6.0,1
104333,310,3,7.0,1
104334,349,3,7.0,1
104335,53,4,9.0,0
104336,282,3,4.0,0
104337,146,3,5.0,0
104338,414,5,7.0,1
104339,12,5,8.0,0
104340,32,7,17.0,0
104341,145,5,8.0,0
104342,273,2,3.0,0
104343,522,7,15.0,1
104344,78,5,6.0,0
104345,301,4,4.0,1
104346,140,4,8.0,0
104347,104,6,11.0,0
104348,297,4,5.0,1
104349,166,3,6.0,0
104350,59,4,5.0,0
104351,17,4,12.0,0
104352,6,2,3.0,0
104353,256,2,2.0,0
104354,16,2,4.0,0
104355,482,3,8.0,1
104356,485,4,6.0,1
104357,3,7,8.0,0
104358,183,5,10.0,0
104359,143,5,6.0,0
104360,333,5,16.0,1
104361,275,4,7.0,0
104362,103,6,11.0,0
104363,199,6,14.0,0
104364,87,7,11.0,0
104365,310,4,6.0,1
104366,614,3,4.0,1
104367,15,7,15.0,0
104368,225,4,4.0,0
104369,176,7,11.0,0
104370,82,3,5.0,0
104371,444,2,6.0,1
104372,127,4,6.0,0
104373,49,8,11.0,0
104374,151,9,14.0,0
104375,9,3,5.0,0
104376,159,2,6.0,0
104377,76,10,24.0,0
104378,134,3,3.0,0
104379,3,7,16.0,0
104380,64,4,7.0,0
104381,446,4,10.0,1
104382,140,5,9.0,0
104383,290,8,13.0,1
104384,13,3,3.0,0
104385,55,4,7.0,0
104386,340,3,9.0,1
104387,323,5,8.0,1
104388,135,3,3.0,0
104389,368,3,9.0,1
104390,721,4,10.0,1
104391,182,6,9.0,0
104393,177,3,4.0,0
104394,167,4,9.0,0
104395,343,4,4.0,1
104396,226,4,6.0,0
104397,45,12,22.0,0
104398,572,2,6.0,1
104399,517,2,3.0,1
104400,58,4,7.0,0
104401,148,4,6.0,0
104402,57,7,11.0,0
104403,140,3,3.0,0
104404,38,5,8.0,0
104405,273,4,9.0,0
104406,385,4,7.0,1
104407,472,6,11.0,1
104408,277,3,10.0,0
104409,41,6,10.0,0
104410,131,6,13.0,0
104411,283,5,6.0,0
104412,155,7,10.0,0
104413,204,5,7.0,0
104414,275,4,6.0,0
104415,44,8,20.0,0
104416,72,5,9.0,0
104417,8,6,9.0,0
104418,57,9,19.0,0
104419,110,8,16.0,0
104420,480,5,11.0,1
104421,148,6,12.0,0
104422,123,3,7.0,0
104423,184,4,7.0,0
104424,59,2,4.0,0
104425,283,5,11.0,0
104426,15,8,16.0,0
104427,101,9,20.0,0
104428,368,1,1.0,1
104429,94,3,4.0,0
104430,97,5,9.0,0
104431,32,4,10.0,0
104432,88,10,18.0,0
104433,170,5,5.0,0
104434,165,5,8.0,0
104435,226,6,13.0,0
104436,39,3,3.0,0
104437,22,6,9.0,0
104438,372,7,12.0,1
104439,44,5,8.0,0
104440,135,7,9.0,0
104441,321,4,6.0,1
104442,125,5,13.0,0
104443,484,2,4.0,1
104444,4,4,6.0,0
104445,157,2,4.0,0
104446,121,4,6.0,0
104447,200,4,6.0,0
104448,487,3,6.0,1
104449,599,4,4.0,1
104450,590,2,4.0,1
104451,156,6,11.0,0
104452,46,5,8.0,0
104453,94,8,16.0,0
104454,248,4,12.0,0
104455,625,2,2.0,1
104456,149,7,14.0,0
104457,85,3,7.0,0
104458,396,3,5.0,1
104459,179,8,17.0,0
104460,16,5,13.0,0
104461,134,6,9.0,0
104462,28,3,6.0,0
104463,203,3,5.0,0
104464,9,6,10.0,0
104465,467,3,4.0,1
104466,21,5,13.0,0
104467,234,3,4.0,0
104468,72,8,18.0,0
104469,76,12,23.0,0
104470,90,7,6.0,0
104471,332,2,3.0,1
104472,232,5,9.0,0
104473,159,4,6.0,0
104474,698,4,5.0,1
104475,66,5,5.0,0
104476,451,4,6.0,1
104477,99,4,6.0,0
104478,300,3,13.0,1
104479,98,4,9.0,0
104480,140,10,17.0,0
104481,201,4,12.0,0
104482,234,7,11.0,0
104483,292,3,6.0,1
104484,101,10,15.0,0
104485,772,2,7.0,1
104486,265,6,16.0,0
104487,120,6,9.0,0
104488,125,6,14.0,0
104489,603,1,5.0,1
104490,138,2,4.0,0
104491,387,7,13.0,1
104492,151,2,4.0,0
104493,283,1,3.0,0
104494,151,4,9.0,0
104495,856,2,3.0,1
104496,294,7,15.0,1
104497,221,5,10.0,0
104498,83,2,3.0,0
104499,285,3,4.0,0
104500,125,4,7.0,0
104501,309,5,9.0,1
104502,42,7,10.0,0
104503,155,4,6.0,0
104504,46,11,18.0,0
104505,361,5,6.0,1
104506,218,4,6.0,0
104507,620,4,12.0,1
104508,39,7,17.0,0
104509,37,6,6.0,0
104510,111,3,4.0,0
104511,168,6,12.0,0
104512,307,4,8.0,1
104513,254,4,9.0,0
104514,52,8,17.0,0
104515,148,3,5.0,0
104516,455,2,3.0,1
104517,349,2,3.0,1
104518,321,8,12.0,1
104519,153,7,20.0,0
104520,25,5,9.0,0
104521,128,6,13.0,0
104522,124,7,14.0,0
104523,358,7,12.0,1
104524,3,3,5.0,0
104525,64,4,7.0,0
104526,136,7,10.0,0
104527,55,7,13.0,0
104528,34,7,13.0,0
104529,278,5,7.0,0
104530,522,5,11.0,1
104531,119,7,17.0,0
104532,665,2,4.0,1
104533,389,4,8.0,1
104534,75,7,14.0,0
104535,186,8,12.0,0
104536,88,5,8.0,0
104537,244,7,14.0,0
104538,387,4,6.0,1
104539,300,3,3.0,1
104540,157,6,16.0,0
104541,182,7,15.0,0
104542,104,7,11.0,0
104543,289,3,10.0,1
104544,297,7,14.0,1
104545,88,7,9.0,0
104546,189,5,7.0,0
104547,193,4,9.0,0
104548,307,6,11.0,1
104549,45,9,20.0,0
104550,539,3,6.0,1
104551,162,6,10.0,0
104552,47,9,20.0,0
104553,71,5,9.0,0
104554,406,2,4.0,1
104555,106,3,6.0,0
104556,140,5,7.0,0
104557,539,4,9.0,1
104558,318,4,8.0,1
104559,188,4,9.0,0
104560,161,3,6.0,0
104561,159,6,17.0,0
104562,16,5,12.0,0
104563,18,7,14.0,0
104564,672,3,6.0,1
104565,10,5,9.0,0
104566,102,8,17.0,0
104567,166,3,4.0,0
104568,211,2,2.0,0
104569,95,5,9.0,0
104570,599,3,9.0,1
104571,223,7,15.0,0
104572,255,3,3.0,0
104573,48,6,14.0,0
104574,180,5,8.0,0
104575,155,7,13.0,0
104576,8,5,10.0,0
104577,74,8,17.0,0
104578,205,8,16.0,0
104579,113,4,9.0,0
104580,43,11,19.0,0
104581,305,4,7.0,1
104582,387,3,6.0,1
104583,202,4,6.0,0
104584,331,6,10.0,1
104585,76,5,10.0,0
104586,76,6,18.0,0
104587,388,5,7.0,1
104588,101,4,7.0,0
104589,55,6,7.0,0
104590,77,4,7.0,0
104591,265,6,15.0,0
104592,116,8,15.0,0
104593,119,6,13.0,0
104594,300,5,11.0,1
104595,120,3,4.0,0
104596,374,6,15.0,1
104597,23,4,7.0,0
104598,22,2,3.0,0
104599,183,5,8.0,0
104600,176,4,6.0,0
104601,18,2,4.0,0
104602,325,1,1.0,1
104603,62,5,7.0,0
104604,351,8,14.0,1
104605,89,5,7.0,0
104606,181,7,10.0,0
104607,438,4,6.0,1
104608,232,5,11.0,0
104609,366,3,4.0,1
104610,107,7,14.0,0
104611,62,3,4.0,0
104612,42,1,1.0,0
104613,203,3,4.0,0
104614,178,4,6.0,0
104615,176,6,7.0,0
104616,342,8,11.0,1
104617,356,6,15.0,1
104618,105,4,6.0,0
104619,451,4,11.0,1
104620,123,8,13.0,0
104621,178,8,16.0,0
104622,643,1,1.0,1
104623,418,6,12.0,1
104624,87,6,9.0,0
104625,177,4,7.0,0
104626,98,3,5.0,0
104627,114,7,10.0,0
104628,90,2,2.0,0
104629,188,6,16.0,0
104630,211,6,7.0,0
104631,264,5,8.0,0
104632,229,3,6.0,0
104633,67,2,3.0,0
104634,100,9,16.0,0
104635,137,4,9.0,0
104636,599,4,9.0,1
104637,373,5,10.0,1
104638,213,3,7.0,0
104639,257,5,10.0,0
104640,639,1,1.0,1
104641,407,6,9.0,1
104642,201,9,15.0,0
104643,54,5,12.0,0
104644,164,6,7.0,0
104645,243,6,18.0,0
104646,49,6,8.0,0
104647,617,3,6.0,1
104648,195,11,21.0,0
104649,108,5,12.0,0
104650,171,4,6.0,0
104651,274,7,7.0,0
104652,177,10,14.0,0
104653,33,7,16.0,0
104654,365,5,7.0,1
104655,78,4,5.0,0
104656,123,5,8.0,0
104657,82,9,14.0,0
104658,245,3,4.0,0
104659,249,6,9.0,0
104660,37,3,7.0,0
104661,235,4,8.0,0
104662,65,3,8.0,0
104663,157,9,19.0,0
104664,25,7,12.0,0
104665,320,8,16.0,1
104666,124,4,8.0,0
104667,88,9,16.0,0
104668,168,4,8.0,0
104669,218,4,16.0,0
104670,407,3,7.0,1
104671,722,2,7.0,1
104672,33,4,10.0,0
104673,146,7,13.0,0
104674,327,2,4.0,1
104675,287,3,5.0,1
104676,195,3,9.0,0
104677,171,7,14.0,0
104678,238,4,9.0,0
104679,9,4,6.0,0
104681,272,4,5.0,0
104682,203,4,8.0,0
104683,46,5,12.0,0
104684,277,8,12.0,0
104685,501,3,6.0,1
104686,134,3,5.0,0
104687,117,7,19.0,0
104688,67,2,2.0,0
104689,348,6,11.0,1
104690,143,9,12.0,0
104691,145,7,13.0,0
104692,338,5,10.0,1
104693,429,3,6.0,1
104694,33,8,18.0,0
104695,392,5,15.0,1
104696,281,7,14.0,0
104697,667,1,5.0,1
104698,727,2,3.0,1
104699,382,2,2.0,1
104700,59,6,8.0,0
104701,58,6,12.0,0
104702,94,11,15.0,0
104703,360,4,6.0,1
104704,10,2,6.0,0
104705,113,7,11.0,0
104706,128,4,6.0,0
104707,254,5,7.0,0
104708,330,5,11.0,1
104709,6,4,12.0,0
104710,199,6,7.0,0
104711,179,5,12.0,0
104712,418,3,7.0,1
104713,44,8,16.0,0
104714,689,5,9.0,1
104715,10,11,16.0,0
104716,146,4,6.0,0
104717,147,5,9.0,0
104718,74,8,11.0,0
104719,248,5,14.0,0
104720,46,7,12.0,0
104721,44,5,11.0,0
104722,56,5,7.0,0
104723,299,4,10.0,1
104724,618,4,6.0,1
104725,277,4,10.0,0
104726,278,4,7.0,0
104727,110,8,19.0,0
104728,43,7,11.0,0
104729,119,4,8.0,0
104730,46,4,8.0,0
104731,107,3,5.0,0
104732,184,5,6.0,0
104733,70,5,13.0,0
104734,206,6,8.0,0
104735,153,8,23.0,0
104736,504,3,7.0,1
104737,169,3,6.0,0
104738,116,3,6.0,0
104739,145,10,26.0,0
104740,40,6,14.0,0
104741,240,8,17.0,0
104742,100,2,4.0,0
104743,564,4,11.0,1
104744,274,4,7.0,0
104745,497,3,10.0,1
104746,129,8,16.0,0
104747,163,6,13.0,0
104748,221,4,8.0,0
104749,39,4,7.0,0
104750,9,2,4.0,0
104751,251,2,4.0,0
104752,290,10,14.0,1
104753,376,6,8.0,1
104754,665,1,3.0,1
104755,86,7,14.0,0
104756,47,4,9.0,0
104757,545,2,4.0,1
104758,156,3,5.0,0
104759,5,5,18.0,0
104760,168,5,12.0,0
104761,268,1,1.0,0
104762,737,1,1.0,1
104763,194,6,8.0,0
104764,22,6,8.0,0
104765,365,3,6.0,1
104766,120,13,26.0,0
104767,546,3,4.0,1
104768,332,3,7.0,1
104769,157,5,10.0,0
104770,139,6,11.0,0
104771,206,4,6.0,0
104772,25,10,17.0,0
104773,101,9,18.0,0
104774,240,5,9.0,0
104775,157,7,16.0,0
104776,165,4,5.0,0
104777,646,3,6.0,1
104778,207,2,7.0,0
104779,252,5,16.0,0
104780,58,10,18.0,0
104781,29,7,10.0,0
104782,131,4,8.0,0
104783,9,4,7.0,0
104784,428,2,4.0,1
104785,46,4,11.0,0
104786,55,3,6.0,0
104787,481,3,6.0,1
104788,632,2,3.0,1
104789,227,8,9.0,0
104790,3,7,13.0,0
104791,315,4,9.0,1
104792,157,8,11.0,0
104793,168,2,2.0,0
104794,231,6,13.0,0
104795,173,4,6.0,0
104796,71,2,3.0,0
104797,277,4,11.0,0
104798,127,4,9.0,0
104799,20,5,7.0,0
104800,66,4,10.0,0
104801,607,4,10.0,1
104802,350,5,13.0,1
104803,54,9,13.0,0
104804,385,5,8.0,1
104805,36,3,5.0,0
104806,54,6,15.0,0
104807,32,7,14.0,0
104808,22,6,12.0,0
104809,9,7,14.0,0
104810,264,6,6.0,0
104811,54,4,5.0,0
104812,21,4,9.0,0
104813,121,7,10.0,0
104814,116,8,15.0,0
104815,42,2,3.0,0
104816,125,2,5.0,0
104817,447,3,7.0,1
104818,15,5,11.0,0
104819,168,9,15.0,0
104820,35,2,3.0,0
104821,52,2,5.0,0
104822,402,2,4.0,1
104823,210,6,11.0,0
104824,203,5,10.0,0
104825,114,7,15.0,0
104826,2,6,12.0,0
104827,442,6,10.0,1
104828,132,5,10.0,0
104829,81,4,7.0,0
104830,160,6,12.0,0
104831,383,4,9.0,1
104832,203,9,20.0,0
104833,202,2,8.0,0
104834,658,2,6.0,1
104835,16,5,10.0,0
104836,858,1,1.0,1
104837,902,1,2.0,1
104838,75,2,6.0,0
104839,501,4,11.0,1
104840,7,7,10.0,0
104841,275,1,2.0,0
104842,130,4,7.0,0
104843,49,3,6.0,0
104844,96,9,16.0,0
104845,479,4,7.0,1
104846,412,2,5.0,1
104847,153,5,8.0,0
104848,92,5,8.0,0
104849,530,3,4.0,1
104850,94,5,6.0,0
104851,120,7,12.0,0
104852,89,4,5.0,0
104853,670,3,5.0,1
104854,371,6,11.0,1
104855,213,4,6.0,0
104856,107,7,15.0,0
104857,50,8,14.0,0
104858,294,7,11.0,1
104859,654,6,13.0,1
104860,44,8,18.0,0
104861,307,6,11.0,1
104862,38,8,13.0,0
104863,7,5,11.0,0
104864,234,6,13.0,0
104865,58,7,12.0,0
104866,18,8,17.0,0
104867,158,7,16.0,0
104868,200,4,6.0,0
104869,171,4,8.0,0
104870,169,4,6.0,0
104871,101,2,2.0,0
104872,27,9,16.0,0
104873,375,4,10.0,1
104874,201,6,12.0,0
104875,251,4,7.0,0
104876,292,7,11.0,1
104877,70,3,3.0,0
104878,448,3,6.0,1
104879,275,8,13.0,0
104880,222,5,10.0,0
104881,21,5,9.0,0
104882,202,7,12.0,0
104883,293,8,15.0,1
104884,347,8,10.0,1
104885,4,5,10.0,0
104886,582,3,4.0,1
104887,138,8,13.0,0
104888,346,5,7.0,1
104889,105,10,17.0,0
104890,34,5,11.0,0
104891,103,5,7.0,0
104892,530,1,1.0,1
104893,46,6,10.0,0
104894,151,7,14.0,0
104895,201,5,12.0,0
104896,505,6,12.0,1
104897,3,2,6.0,0
104898,342,8,21.0,1
104899,70,2,4.0,0
104900,254,5,7.0,0
104901,42,6,12.0,0
104902,177,7,11.0,0
104903,520,2,2.0,1
104904,5,4,9.0,0
104905,3,5,14.0,0
104906,132,6,16.0,0
104907,667,1,3.0,1
104908,382,5,6.0,1
104909,155,10,17.0,0
104910,77,4,7.0,0
104911,62,8,14.0,0
104912,284,5,16.0,0
104913,187,7,15.0,0
104914,115,6,11.0,0
104915,36,9,16.0,0
104916,270,8,21.0,0
104917,276,4,8.0,0
104918,107,9,14.0,0
104919,21,4,8.0,0
104920,101,5,8.0,0
104921,610,2,4.0,1
104922,354,3,7.0,1
104923,266,4,9.0,0
104924,141,7,11.0,0
104925,38,7,14.0,0
104926,279,4,8.0,0
104927,82,8,12.0,0
104928,25,7,13.0,0
104929,159,5,10.0,0
104930,439,3,5.0,1
104931,17,9,12.0,0
104932,296,3,5.0,1
104933,53,8,15.0,0
104934,127,3,6.0,0
104935,65,10,22.0,0
104936,563,2,3.0,1
104937,2,3,3.0,0
104938,5,9,21.0,0
104939,265,3,4.0,0
104940,219,9,11.0,0
104941,112,10,23.0,0
104942,136,5,15.0,0
104943,39,7,15.0,0
104944,490,5,7.0,1
104945,105,5,10.0,0
104946,78,3,6.0,0
104947,127,5,8.0,0
104948,536,1,1.0,1
104949,112,4,5.0,0
104950,204,5,11.0,0
104951,181,7,10.0,0
104952,185,2,3.0,0
104953,36,7,14.0,0
104954,45,7,12.0,0
104955,98,7,9.0,0
104956,158,5,9.0,0
104957,99,6,15.0,0
104958,161,4,5.0,0
104959,370,2,2.0,1
104960,94,5,9.0,0
104961,18,11,22.0,0
104962,213,3,3.0,0
104963,169,4,8.0,0
104964,130,8,15.0,0
104965,447,3,10.0,1
104966,302,7,13.0,1
104967,183,7,14.0,0
104968,71,4,9.0,0
104969,150,6,8.0,0
104970,177,4,7.0,0
104971,56,7,13.0,0
104972,363,7,12.0,1
104973,115,5,9.0,0
104974,223,7,9.0,0
104975,9,3,5.0,0
104976,308,5,7.0,1
104977,530,4,7.0,1
104978,151,4,4.0,0
104979,597,1,2.0,1
104980,23,5,12.0,0
104981,39,4,8.0,0
104982,75,6,8.0,0
104983,81,4,7.0,0
104984,89,6,9.0,0
104985,74,5,11.0,0
104986,213,3,6.0,0
104987,47,10,15.0,0
104988,166,5,6.0,0
104989,117,6,12.0,0
104990,276,4,8.0,0
104991,594,3,8.0,1
104992,173,2,6.0,0
104993,340,5,8.0,1
104994,304,9,17.0,1
104995,131,5,9.0,0
104996,327,4,6.0,1
104997,2,4,9.0,0
104998,73,5,10.0,0
104999,86,6,15.0,0
105000,252,4,4.0,0
105001,205,7,13.0,0
105002,53,8,18.0,0
105003,293,3,3.0,1
105004,208,7,11.0,0
105005,318,5,12.0,1
105006,24,7,11.0,0
105007,22,3,7.0,0
105008,16,4,6.0,0
105009,87,4,11.0,0
105010,213,4,6.0,0
105011,257,3,5.0,0
105012,94,8,11.0,0
105013,215,1,1.0,0
105014,133,6,14.0,0
105015,193,6,12.0,0
105016,157,3,4.0,0
105017,159,4,9.0,0
105018,366,5,9.0,1
105019,287,7,9.0,1
105020,573,5,9.0,1
105021,43,4,8.0,0
105022,138,4,7.0,0
105023,250,4,6.0,0
105024,24,6,11.0,0
105025,13,9,28.0,0
105026,190,3,5.0,0
105027,64,4,7.0,0
105028,110,5,11.0,0
105029,171,6,12.0,0
105030,296,2,7.0,1
105031,161,7,11.0,0
105032,220,3,3.0,0
105033,312,5,9.0,1
105034,126,4,4.0,0
105035,152,7,15.0,0
105036,125,6,11.0,0
105037,78,6,10.0,0
105038,52,8,18.0,0
105039,116,2,5.0,0
105040,273,2,3.0,0
105041,80,4,8.0,0
105042,140,4,7.0,0
105043,109,6,9.0,0
105044,121,7,16.0,0
105045,193,7,16.0,0
105046,434,6,14.0,1
105047,468,2,4.0,1
105048,218,3,8.0,0
105049,374,3,9.0,1
105050,190,7,10.0,0
105051,674,5,8.0,1
105052,9,6,11.0,0
105053,220,3,4.0,0
105054,13,6,9.0,0
105055,334,7,18.0,1
105056,94,3,4.0,0
105057,617,4,5.0,1
105058,46,7,20.0,0
105059,53,6,9.0,0
105060,66,10,20.0,0
105061,172,6,11.0,0
105062,183,7,13.0,0
105063,37,6,10.0,0
105064,183,6,13.0,0
105065,360,3,11.0,1
105066,314,4,6.0,1
105067,2,4,6.0,0
105068,97,11,18.0,0
105069,136,3,6.0,0
105070,88,4,8.0,0
105071,302,4,7.0,1
105072,157,8,17.0,0
105073,353,5,9.0,1
105074,297,3,5.0,1
105075,530,2,6.0,1
105076,27,4,8.0,0
105077,126,4,7.0,0
105078,108,7,15.0,0
105079,159,7,11.0,0
105080,69,9,17.0,0
105081,43,9,13.0,0
105082,200,7,15.0,0
105083,69,6,8.0,0
105084,231,3,3.0,0
105085,181,5,9.0,0
105086,197,7,19.0,0
105087,197,8,15.0,0
105088,182,3,7.0,0
105089,404,2,4.0,1
105090,145,6,6.0,0
105091,758,2,5.0,1
105092,251,6,10.0,0
105093,29,10,17.0,0
105094,339,5,5.0,1
105095,95,3,4.0,0
105096,127,7,11.0,0
105097,107,6,13.0,0
105098,180,7,9.0,0
105099,410,5,9.0,1
105100,200,10,24.0,0
105101,178,6,10.0,0
105102,273,4,7.0,0
105103,41,4,6.0,0
105104,42,4,4.0,0
105105,110,6,12.0,0
105106,43,6,9.0,0
105107,460,4,7.0,1
105108,229,5,11.0,0
105109,31,5,11.0,0
105110,47,5,10.0,0
105111,225,5,14.0,0
105112,90,11,21.0,0
105113,456,3,4.0,1
105114,188,5,10.0,0
105115,35,5,10.0,0
105116,176,3,6.0,0
105117,183,6,17.0,0
105118,273,4,6.0,0
105119,129,7,13.0,0
105120,17,6,15.0,0
105121,255,3,6.0,0
105122,223,1,4.0,0
105123,303,3,6.0,1
105124,610,1,1.0,1
105125,28,5,8.0,0
105126,183,3,6.0,0
105127,205,4,8.0,0
105128,311,7,11.0,1
105129,141,8,14.0,0
105130,465,4,6.0,1
105131,389,2,5.0,1
105132,6,3,8.0,0
105133,175,3,5.0,0
105134,559,1,1.0,1
105135,134,7,11.0,0
105136,452,3,6.0,1
105137,460,2,6.0,1
105138,215,8,13.0,0
105139,185,4,6.0,0
105140,216,4,4.0,0
105141,73,3,6.0,0
105142,30,6,9.0,0
105143,21,5,10.0,0
105144,235,4,5.0,0
105145,18,6,10.0,0
105146,90,6,13.0,0
105147,93,5,10.0,0
105148,121,8,14.0,0
105149,14,4,8.0,0
105150,283,5,6.0,0
105151,287,4,10.0,1
105152,225,6,13.0,0
105153,235,7,13.0,0
105154,11,5,10.0,0
105155,45,4,6.0,0
105156,111,5,10.0,0
105157,439,2,3.0,1
105158,85,7,12.0,0
105159,74,5,10.0,0
105160,283,6,8.0,0
105161,22,5,7.0,0
105162,60,9,14.0,0
105163,32,6,12.0,0
105164,163,7,12.0,0
105165,276,6,10.0,0
105166,202,3,3.0,0
105167,304,5,10.0,1
105168,43,4,9.0,0
105169,38,4,8.0,0
105170,87,6,11.0,0
105171,214,9,15.0,0
105172,121,9,17.0,0
105173,305,6,9.0,1
105174,75,5,13.0,0
105175,221,6,11.0,0
105176,288,3,6.0,1
105177,119,3,8.0,0
105178,579,4,8.0,1
105179,77,9,19.0,0
105180,369,8,11.0,1
105181,577,2,4.0,1
105182,218,6,12.0,0
105183,211,5,11.0,0
105184,96,8,18.0,0
105185,683,1,3.0,1
105186,85,5,5.0,0
105187,138,6,9.0,0
105188,199,5,12.0,0
105189,93,2,4.0,0
105190,88,6,13.0,0
105191,212,5,15.0,0
105192,271,1,3.0,0
105193,169,6,8.0,0
105194,46,7,16.0,0
105195,305,4,10.0,1
105196,196,3,4.0,0
105197,115,5,5.0,0
105198,53,5,8.0,0
105199,452,3,4.0,1
105200,219,7,18.0,0
105201,866,1,1.0,1
105202,543,6,11.0,1
105203,230,2,3.0,0
105204,149,2,4.0,0
105205,382,1,2.0,1
105206,101,6,11.0,0
105207,74,5,12.0,0
105208,387,5,15.0,1
105209,8,10,19.0,0
105210,37,5,8.0,0
105211,137,1,1.0,0
105212,461,5,14.0,1
105213,339,8,15.0,1
105214,33,5,9.0,0
105215,166,4,7.0,0
105216,190,8,14.0,0
105217,337,4,5.0,1
105218,313,6,10.0,1
105219,378,5,8.0,1
105220,180,5,9.0,0
105221,166,4,7.0,0
105222,447,5,6.0,1
105223,17,8,14.0,0
105224,464,3,5.0,1
105225,278,5,7.0,0
105226,124,4,7.0,0
105227,540,2,4.0,1
105228,49,8,16.0,0
105229,442,4,6.0,1
105230,79,2,5.0,0
105231,202,2,3.0,0
105232,9,5,9.0,0
105233,84,2,4.0,0
105234,36,5,7.0,0
105235,336,3,4.0,1
105236,20,2,6.0,0
105237,6,4,7.0,0
105238,84,4,5.0,0
105239,162,4,5.0,0
105240,252,8,15.0,0
105241,255,7,11.0,0
105242,425,7,13.0,1
105243,338,1,1.0,1
105244,229,4,8.0,0
105245,197,6,13.0,0
105246,350,3,5.0,1
105247,115,3,4.0,0
105248,303,5,9.0,1
105249,386,2,5.0,1
105250,417,3,5.0,1
105251,52,5,11.0,0
105252,70,8,17.0,0
105253,147,4,5.0,0
105254,111,5,10.0,0
105255,607,1,1.0,1
105256,99,5,15.0,0
105257,25,7,11.0,0
105258,104,3,6.0,0
105259,37,7,13.0,0
105260,34,5,8.0,0
105261,173,6,13.0,0
105262,340,4,9.0,1
105263,213,5,12.0,0
105264,360,3,6.0,1
105265,295,3,6.0,1
105266,80,6,9.0,0
105267,518,3,6.0,1
105268,113,5,10.0,0
105269,75,5,9.0,0
105270,68,6,11.0,0
105271,329,6,8.0,1
105272,7,9,18.0,0
105273,119,5,10.0,0
105274,127,3,4.0,0
105275,46,6,8.0,0
105276,573,3,3.0,1
105277,166,11,17.0,0
105278,430,4,9.0,1
105279,465,4,7.0,1
105280,28,10,22.0,0
105281,515,5,12.0,1
105282,72,11,17.0,0
105283,268,4,9.0,0
105284,171,7,10.0,0
105285,177,3,6.0,0
105286,468,3,6.0,1
105287,307,4,7.0,1
105288,196,4,9.0,0
105289,235,4,8.0,0
105290,314,1,2.0,1
105291,641,3,4.0,1
105292,179,7,16.0,0
105293,514,4,9.0,1
105294,96,2,3.0,0
105295,301,4,6.0,1
105296,27,3,4.0,0
105297,167,5,7.0,0
105298,18,5,9.0,0
105299,78,6,7.0,0
105300,221,9,22.0,0
105301,18,6,16.0,0
105302,170,9,17.0,0
105303,55,6,14.0,0
105304,178,6,8.0,0
105305,96,8,21.0,0
105306,452,1,1.0,1
105307,164,2,4.0,0
105308,445,2,5.0,1
105309,373,6,11.0,1
105310,13,7,14.0,0
105311,16,6,10.0,0
105312,157,9,20.0,0
105313,330,7,11.0,1
105315,298,7,12.0,1
105316,238,6,15.0,0
105317,95,2,4.0,0
105318,307,6,10.0,1
105319,110,10,16.0,0
105320,176,7,21.0,0
105321,51,4,7.0,0
105322,547,7,11.0,1
105323,139,10,21.0,0
105324,31,7,13.0,0
105325,573,5,7.0,1
105326,387,3,3.0,1
105327,59,8,15.0,0
105328,170,3,6.0,0
105329,462,5,10.0,1
105330,178,4,5.0,0
105331,302,3,4.0,1
105332,206,4,5.0,0
105333,112,8,16.0,0
105334,227,5,10.0,0
105335,128,3,6.0,0
105336,92,2,6.0,0
105337,95,7,11.0,0
105338,209,8,16.0,0
105339,348,5,5.0,1
105340,128,5,5.0,0
105341,217,4,9.0,0
105342,40,5,12.0,0
105343,205,6,12.0,0
105344,339,3,6.0,1
105345,166,1,4.0,0
105346,84,5,14.0,0
105347,31,3,5.0,0
105348,348,6,10.0,1
105349,67,6,16.0,0
105350,107,4,6.0,0
105351,255,4,6.0,0
105352,114,5,11.0,0
105353,24,7,16.0,0
105354,12,3,5.0,0
105355,73,5,11.0,0
105356,198,8,10.0,0
105357,151,5,7.0,0
105358,278,6,9.0,0
105359,443,2,3.0,1
105360,211,2,2.0,0
105361,102,6,15.0,0
105362,3,3,8.0,0
105363,119,6,8.0,0
105364,236,4,9.0,0
105365,4,2,4.0,0
105366,80,9,14.0,0
105367,213,6,14.0,0
105368,164,8,14.0,0
105369,53,6,12.0,0
105370,143,3,8.0,0
105371,33,9,23.0,0
105372,383,2,5.0,1
105373,404,4,8.0,1
105374,202,2,5.0,0
105375,444,2,3.0,1
105376,82,2,3.0,0
105377,69,5,13.0,0
105378,143,4,10.0,0
105379,345,5,10.0,1
105380,292,3,7.0,1
105381,174,5,10.0,0
105382,29,5,9.0,0
105383,259,5,9.0,0
105384,479,4,11.0,1
105385,451,4,9.0,1
105386,3,5,7.0,0
105387,251,4,6.0,0
105388,163,7,9.0,0
105389,40,5,6.0,0
105390,248,3,9.0,0
105391,106,3,6.0,0
105392,281,4,9.0,0
105393,394,2,8.0,1
105394,114,6,10.0,0
105395,121,5,8.0,0
105396,32,7,16.0,0
105397,233,2,6.0,0
105398,125,3,5.0,0
105399,22,3,4.0,0
105400,245,4,7.0,0
105401,171,6,13.0,0
105402,16,6,10.0,0
105403,7,3,7.0,0
105404,173,5,6.0,0
105405,613,2,2.0,1
105406,158,8,20.0,0
105407,296,2,2.0,1
105408,145,8,13.0,0
105409,142,4,8.0,0
105410,222,4,4.0,0
105411,157,10,21.0,0
105412,392,1,2.0,1
105413,332,4,8.0,1
105414,427,3,10.0,1
105415,106,7,11.0,0
105416,172,8,25.0,0
105417,24,7,14.0,0
105418,317,5,8.0,1
105419,73,6,8.0,0
105420,558,1,1.0,1
105421,175,6,14.0,0
105422,140,9,13.0,0
105423,249,6,6.0,0
105424,546,3,5.0,1
105425,213,6,7.0,0
105426,138,5,8.0,0
105427,83,4,9.0,0
105428,4,7,13.0,0
105429,161,5,16.0,0
105430,152,3,9.0,0
105431,174,6,9.0,0
105432,50,8,16.0,0
105433,55,10,18.0,0
105434,170,12,19.0,0
105435,256,5,10.0,0
105436,37,4,7.0,0
105437,432,3,4.0,1
105438,65,7,17.0,0
105439,287,3,7.0,1
105440,239,3,8.0,0
105441,58,6,15.0,0
105442,82,3,6.0,0
105443,465,2,2.0,1
105444,161,8,10.0,0
105445,106,4,7.0,0
105446,34,7,17.0,0
105447,20,5,9.0,0
105448,178,5,11.0,0
105449,310,6,14.0,1
105450,334,4,4.0,1
105451,10,2,4.0,0
105452,39,5,8.0,0
105453,488,3,3.0,1
105454,213,4,8.0,0
105455,659,1,1.0,1
105456,342,5,8.0,1
105457,135,6,10.0,0
105458,187,4,7.0,0
105459,188,2,3.0,0
105460,435,6,10.0,1
105461,376,3,4.0,1
105462,31,3,6.0,0
105463,89,6,13.0,0
105464,116,4,9.0,0
105466,192,6,9.0,0
105467,71,4,8.0,0
105468,62,6,13.0,0
105469,84,7,15.0,0
105470,52,9,12.0,0
105471,31,5,7.0,0
105472,507,5,9.0,1
105473,184,8,12.0,0
105474,99,11,29.0,0
105475,204,5,14.0,0
105477,110,5,9.0,0
105478,36,3,4.0,0
105479,227,7,16.0,0
105480,489,4,8.0,1
105481,90,7,16.0,0
105482,139,8,16.0,0
105483,3,9,13.0,0
105484,200,5,8.0,0
105485,89,3,8.0,0
105486,31,7,11.0,0
105487,246,3,6.0,0
105488,427,4,7.0,1
105489,435,2,2.0,1
105490,130,5,9.0,0
105491,15,9,18.0,0
105492,467,3,4.0,1
105493,659,3,5.0,1
105494,27,6,9.0,0
105495,89,2,4.0,0
105496,93,3,4.0,0
105497,132,5,10.0,0
105498,223,9,13.0,0
105499,52,6,11.0,0
105500,28,7,13.0,0
105501,283,8,15.0,0
105502,647,1,1.0,1
105503,96,6,12.0,0
105504,403,4,8.0,1
105505,219,6,9.0,0
105506,211,7,15.0,0
105507,235,5,5.0,0
105508,60,3,7.0,0
105509,32,3,5.0,0
105510,96,4,5.0,0
105511,544,3,6.0,1
105512,93,5,9.0,0
105513,253,5,8.0,0
105514,183,5,8.0,0
105515,90,4,7.0,0
105516,90,3,7.0,0
105517,82,5,9.0,0
105518,183,4,7.0,0
105519,141,5,7.0,0
105520,116,6,11.0,0
105521,180,10,19.0,0
105522,192,4,5.0,0
105523,265,4,5.0,0
105524,153,6,10.0,0
105525,110,6,12.0,0
105526,242,2,3.0,0
105527,196,4,5.0,0
105528,486,6,15.0,1
105529,118,10,18.0,0
105530,231,4,5.0,0
105531,582,3,4.0,1
105532,333,3,4.0,1
105533,33,4,5.0,0
105534,784,1,2.0,1
105535,714,2,6.0,1
105536,41,7,11.0,0
105537,39,8,17.0,0
105538,416,4,10.0,1
105539,309,4,8.0,1
105540,256,10,21.0,0
105541,268,6,10.0,0
105542,39,7,11.0,0
105543,299,4,5.0,1
105544,555,5,11.0,1
105545,418,2,5.0,1
105546,318,3,4.0,1
105547,253,4,9.0,0
105548,82,8,12.0,0
105549,152,5,5.0,0
105550,324,4,9.0,1
105551,245,5,9.0,0
105552,55,12,25.0,0
105553,106,8,17.0,0
105554,178,7,15.0,0
105555,318,6,12.0,1
105556,250,8,14.0,0
105557,154,10,13.0,0
105558,49,8,11.0,0
105559,461,6,15.0,1
105560,122,10,18.0,0
105561,165,2,5.0,0
105562,467,6,13.0,1
105563,34,4,6.0,0
105564,54,10,19.0,0
105565,2,6,11.0,0
105566,54,7,11.0,0
105567,6,8,12.0,0
105568,111,4,6.0,0
105569,239,4,10.0,0
105570,35,5,14.0,0
105571,243,3,6.0,0
105572,68,4,6.0,0
105573,13,9,15.0,0
105574,325,5,8.0,1
105575,483,3,9.0,1
105576,77,4,9.0,0
105577,129,6,12.0,0
105578,203,2,2.0,0
105579,158,8,17.0,0
105580,154,4,7.0,0
105581,234,5,7.0,0
105582,88,7,13.0,0
105583,345,5,8.0,1
105584,261,7,12.0,0
105585,83,7,7.0,0
105586,21,6,15.0,0
105587,194,13,16.0,0
105588,75,4,7.0,0
105589,85,6,13.0,0
105590,17,8,11.0,0
105591,423,3,4.0,1
105592,73,7,11.0,0
105593,7,7,9.0,0
105594,58,7,13.0,0
105595,226,4,10.0,0
105596,440,1,1.0,1
105597,470,4,8.0,1
105598,69,8,13.0,0
105599,173,2,6.0,0
105600,467,4,6.0,1
105601,179,11,32.0,0
105602,274,6,14.0,0
105603,133,6,10.0,0
105604,251,8,23.0,0
105605,232,3,3.0,0
105606,127,6,12.0,0
105607,59,5,10.0,0
105608,41,4,5.0,0
105609,66,4,9.0,0
105610,200,3,6.0,0
105611,93,4,8.0,0
105612,231,3,6.0,0
105613,322,5,8.0,1
105614,478,2,2.0,1
105615,75,11,20.0,0
105616,44,6,13.0,0
105617,283,6,8.0,0
105618,28,3,6.0,0
105619,295,4,5.0,1
105620,24,6,12.0,0
105621,151,6,6.0,0
105622,50,7,15.0,0
105623,207,6,15.0,0
105624,153,6,9.0,0
105625,172,4,4.0,0
105626,5,9,18.0,0
105627,144,6,8.0,0
105628,83,10,19.0,0
105629,198,5,10.0,0
105630,313,4,10.0,1
105631,52,5,9.0,0
105632,89,5,12.0,0
105633,87,6,13.0,0
105634,194,6,8.0,0
105635,436,4,10.0,1
105636,272,4,6.0,0
105637,509,4,11.0,1
105638,492,4,5.0,1
105639,76,8,11.0,0
105640,534,2,3.0,1
105641,80,4,6.0,0
105642,294,1,4.0,1
105643,8,7,12.0,0
105644,200,4,9.0,0
105645,248,10,26.0,0
105646,807,2,2.0,1
105647,216,5,11.0,0
105648,425,5,13.0,1
105649,96,5,10.0,0
105650,320,6,8.0,1
105651,243,7,14.0,0
105652,485,5,6.0,1
105653,260,5,9.0,0
105655,121,5,12.0,0
105656,44,8,16.0,0
105657,6,2,2.0,0
105658,44,6,7.0,0
105659,390,5,5.0,1
105660,9,4,5.0,0
105661,168,7,11.0,0
105662,464,4,5.0,1
105663,290,4,10.0,1
105664,18,6,12.0,0
105665,188,5,7.0,0
105666,909,1,1.0,1
105667,197,6,6.0,0
105668,521,2,3.0,1
105669,268,5,9.0,0
105670,257,4,12.0,0
105671,185,5,8.0,0
105672,487,3,5.0,1
105673,409,1,1.0,1
105674,118,4,8.0,0
105675,203,8,13.0,0
105676,130,7,12.0,0
105677,156,9,19.0,0
105678,27,9,14.0,0
105679,360,4,11.0,1
105680,65,2,5.0,0
105681,73,6,11.0,0
105682,564,2,3.0,1
105683,25,6,8.0,0
105684,543,2,3.0,1
105685,85,4,10.0,0
105686,32,8,13.0,0
105687,68,5,9.0,0
105688,111,7,14.0,0
105689,176,4,8.0,0
105690,172,6,9.0,0
105691,500,4,5.0,1
105692,147,6,15.0,0
105693,50,7,9.0,0
105694,482,4,6.0,1
105695,23,5,7.0,0
105696,353,5,8.0,1
105697,54,4,7.0,0
105698,289,5,7.0,1
105699,47,13,25.0,0
105700,55,6,7.0,0
105701,55,6,14.0,0
105702,145,12,22.0,0
105703,95,7,8.0,0
105704,152,6,7.0,0
105705,4,4,6.0,0
105706,35,8,12.0,0
105707,79,4,6.0,0
105708,143,8,13.0,0
105709,117,5,12.0,0
105710,45,4,9.0,0
105711,68,10,17.0,0
105712,218,5,10.0,0
105713,264,5,12.0,0
105714,522,5,8.0,1
105715,315,5,12.0,1
105716,187,6,13.0,0
105717,56,6,11.0,0
105718,284,2,4.0,0
105719,38,6,14.0,0
105720,33,6,8.0,0
105721,161,4,6.0,0
105722,106,2,3.0,0
105723,201,3,5.0,0
105724,1,8,9.0,0
105725,24,5,8.0,0
105726,370,2,3.0,1
105727,370,5,8.0,1
105728,171,4,7.0,0
105729,18,7,11.0,0
105730,770,1,1.0,1
105731,472,2,3.0,1
105732,222,5,7.0,0
105733,316,4,6.0,1
105734,475,3,7.0,1
105735,201,6,9.0,0
105736,278,5,11.0,0
105737,152,4,10.0,0
105738,462,1,3.0,1
105739,313,7,12.0,1
105740,212,3,4.0,0
105741,220,6,8.0,0
105742,16,6,8.0,0
105743,64,4,5.0,0
105744,899,1,1.0,1
105745,103,2,3.0,0
105746,249,6,17.0,0
105747,241,5,7.0,0
105748,348,5,8.0,1
105749,176,6,10.0,0
105750,63,5,8.0,0
105751,215,9,12.0,0
105752,178,6,10.0,0
105753,634,1,1.0,1
105754,189,6,14.0,0
105755,119,11,22.0,0
105756,350,4,14.0,1
105757,491,4,8.0,1
105758,33,4,10.0,0
105759,109,4,9.0,0
105760,13,2,3.0,0
105761,114,4,14.0,0
105762,67,4,8.0,0
105763,244,9,20.0,0
105764,331,6,11.0,1
105765,141,5,7.0,0
105766,40,9,18.0,0
105767,61,5,5.0,0
105768,2,6,13.0,0
105769,47,6,8.0,0
105770,385,2,2.0,1
105771,240,6,7.0,0
105772,457,3,11.0,1
105773,10,10,20.0,0
105774,122,2,2.0,0
105775,193,3,4.0,0
105776,43,3,3.0,0
105777,283,2,2.0,0
105778,17,9,16.0,0
105779,2,7,18.0,0
105780,141,6,12.0,0
105781,81,12,25.0,0
105782,466,4,10.0,1
105783,223,7,17.0,0
105784,104,9,20.0,0
105785,91,9,16.0,0
105786,34,8,9.0,0
105787,83,6,7.0,0
105788,173,3,10.0,0
105789,64,5,12.0,0
105790,106,2,3.0,0
105791,501,3,8.0,1
105792,309,2,2.0,1
105793,239,2,5.0,0
105794,220,4,8.0,0
105795,427,5,8.0,1
105796,340,1,3.0,1
105797,652,3,7.0,1
105798,417,3,4.0,1
105799,9,7,15.0,0
105800,304,7,9.0,1
105801,285,2,3.0,0
105802,411,8,15.0,1
105803,329,3,5.0,1
105804,157,6,9.0,0
105805,350,2,2.0,1
105806,18,7,12.0,0
105807,302,6,7.0,1
105808,89,9,10.0,0
105809,487,3,10.0,1
105810,445,2,2.0,1
105811,150,7,10.0,0
105812,124,3,6.0,0
105813,236,5,9.0,0
105814,122,3,6.0,0
105815,218,6,15.0,0
105816,260,4,7.0,0
105817,377,3,3.0,1
105818,164,3,12.0,0
105819,82,4,7.0,0
105820,8,7,14.0,0
105821,371,4,7.0,1
105822,261,6,13.0,0
105823,19,3,5.0,0
105824,191,6,17.0,0
105825,145,10,19.0,0
105826,290,4,7.0,1
105827,162,6,9.0,0
105828,53,11,24.0,0
105829,40,8,17.0,0
105830,200,3,5.0,0
105831,48,6,11.0,0
105832,17,9,16.0,0
105833,115,4,7.0,0
105834,543,6,12.0,1
105835,190,4,7.0,0
105836,170,10,21.0,0
105837,237,3,6.0,0
105838,27,6,9.0,0
105839,36,6,11.0,0
105840,67,8,24.0,0
105841,3,9,16.0,0
105842,352,2,5.0,1
105843,247,4,7.0,0
105844,12,3,5.0,0
105845,27,8,11.0,0
105846,318,5,6.0,1
105847,334,4,5.0,1
105848,328,3,5.0,1
105849,248,4,6.0,0
105850,329,1,2.0,1
105851,466,6,13.0,1
105852,415,3,5.0,1
105853,160,2,3.0,0
105854,302,4,9.0,1
105855,390,3,7.0,1
105856,18,4,8.0,0
105857,50,5,7.0,0
105858,826,1,2.0,1
105859,275,8,11.0,0
105860,207,4,9.0,0
105861,6,9,22.0,0
105862,4,4,6.0,0
105863,120,8,18.0,0
105864,106,6,12.0,0
105865,31,4,5.0,0
105866,208,7,13.0,0
105867,242,7,18.0,0
105868,667,2,5.0,1
105869,95,10,21.0,0
105870,215,6,10.0,0
105871,134,8,14.0,0
105872,3,4,7.0,0
105873,117,5,9.0,0
105874,692,2,4.0,1
105875,295,6,17.0,1
105876,335,6,9.0,1
105877,564,3,7.0,1
105878,306,3,4.0,1
105879,120,3,4.0,0
105880,93,3,4.0,0
105881,582,4,6.0,1
105882,47,7,14.0,0
105883,166,3,4.0,0
105884,361,5,6.0,1
105885,266,8,16.0,0
105886,671,4,6.0,1
105887,67,7,14.0,0
105888,269,6,8.0,0
105889,23,5,7.0,0
105890,192,6,11.0,0
105891,735,2,4.0,1
105892,447,5,8.0,1
105893,38,4,8.0,0
105894,178,7,12.0,0
105895,719,3,7.0,1
105896,85,6,14.0,0
105897,137,10,19.0,0
105898,205,4,7.0,0
105899,294,5,16.0,1
105900,148,7,14.0,0
105901,298,6,9.0,1
105902,399,4,6.0,1
105903,586,2,8.0,1
105904,792,1,4.0,1
105905,27,5,12.0,0
105906,411,4,7.0,1
105907,98,9,15.0,0
105908,56,5,8.0,0
105909,484,4,14.0,1
105910,215,5,7.0,0
105911,197,5,6.0,0
105912,9,13,22.0,0
105913,85,11,12.0,0
105914,61,8,16.0,0
105915,344,5,8.0,1
105916,64,7,12.0,0
105917,32,6,8.0,0
105918,69,3,3.0,0
105919,53,7,9.0,0
105920,135,2,2.0,0
105921,487,5,7.0,1
105922,33,6,14.0,0
105923,317,2,3.0,1
105924,82,6,10.0,0
105925,477,5,5.0,1
105926,8,6,15.0,0
105927,91,6,8.0,0
105928,181,5,7.0,0
105929,212,5,7.0,0
105930,260,7,11.0,0
105931,33,6,16.0,0
105932,162,8,14.0,0
105933,349,4,7.0,1
105934,149,6,11.0,0
105935,185,2,6.0,0
105936,252,7,14.0,0
105937,205,5,8.0,0
105938,191,10,14.0,0
105939,108,9,21.0,0
105940,143,5,6.0,0
105941,7,3,5.0,0
105942,201,4,7.0,0
105943,42,4,5.0,0
105944,156,4,5.0,0
105945,363,6,12.0,1
105946,133,4,11.0,0
105947,329,5,11.0,1
105948,169,1,1.0,0
105949,395,6,12.0,1
105950,380,6,7.0,1
105951,696,1,1.0,1
105952,215,4,7.0,0
105953,25,5,10.0,0
105954,874,1,3.0,1
105955,111,6,13.0,0
105956,411,4,11.0,1
105957,124,6,13.0,0
105958,30,6,12.0,0
105959,103,11,24.0,0
105960,184,6,12.0,0
105961,392,7,14.0,1
105962,334,4,6.0,1
105963,167,9,14.0,0
105964,347,3,4.0,1
105965,398,3,5.0,1
105966,80,3,7.0,0
105967,129,3,7.0,0
105968,126,6,14.0,0
105969,518,1,1.0,1
105970,292,4,10.0,1
105971,26,8,18.0,0
105972,111,8,15.0,0
105973,14,3,5.0,0
105974,301,6,10.0,1
105975,372,8,15.0,1
105976,143,7,14.0,0
105977,125,3,6.0,0
105978,388,6,9.0,1
105979,54,8,15.0,0
105980,161,5,9.0,0
105981,229,6,13.0,0
105982,46,6,10.0,0
105983,49,6,9.0,0
105984,17,8,11.0,0
105985,101,7,11.0,0
105986,65,8,13.0,0
105987,353,5,18.0,1
105988,138,8,15.0,0
105989,27,11,22.0,0
105990,385,3,6.0,1
105991,62,5,13.0,0
105992,245,9,19.0,0
105993,3,8,11.0,0
105994,325,4,9.0,1
105995,46,3,8.0,0
105996,12,9,16.0,0
105997,295,4,6.0,1
105998,52,5,12.0,0
105999,68,5,11.0,0
106000,198,5,10.0,0
106001,476,2,3.0,1
106002,313,7,10.0,1
106003,136,4,9.0,0
106004,136,4,5.0,0
106005,687,7,12.0,1
106006,366,3,4.0,1
106007,215,3,4.0,0
106008,40,7,10.0,0
106009,52,8,11.0,0
106010,438,2,3.0,1
106011,139,2,4.0,0
106012,12,2,3.0,0
106013,463,3,7.0,1
106014,267,4,7.0,0
106015,208,4,8.0,0
106016,18,8,14.0,0
106017,180,9,13.0,0
106018,212,3,5.0,0
106019,178,7,13.0,0
106020,74,5,10.0,0
106021,71,8,18.0,0
106022,114,3,4.0,0
106023,320,2,3.0,1
106024,282,4,6.0,0
106025,148,4,5.0,0
106026,126,6,13.0,0
106027,433,9,13.0,1
106028,61,4,12.0,0
106029,100,4,8.0,0
106030,46,3,6.0,0
106031,505,5,9.0,1
106032,270,7,15.0,0
106033,101,3,7.0,0
106034,137,6,10.0,0
106035,161,5,7.0,0
106036,127,1,2.0,0
106038,82,5,9.0,0
106039,479,1,3.0,1
106040,191,3,5.0,0
106041,266,6,17.0,0
106042,322,2,3.0,1
106043,105,5,6.0,0
106044,128,2,3.0,0
106045,57,5,7.0,0
106046,561,2,5.0,1
106047,145,8,19.0,0
106048,75,5,11.0,0
106049,314,2,4.0,1
106050,243,6,12.0,0
106051,442,2,3.0,1
106052,151,5,14.0,0
106053,194,2,3.0,0
106054,11,10,21.0,0
106055,485,4,8.0,1
106056,206,6,10.0,0
106057,350,5,10.0,1
106058,158,3,6.0,0
106059,60,4,8.0,0
106060,123,5,6.0,0
106061,533,2,4.0,1
106062,160,8,21.0,0
106063,200,5,12.0,0
106064,184,7,12.0,0
106065,320,5,6.0,1
106066,446,4,9.0,1
106067,126,3,4.0,0
106068,38,6,11.0,0
106069,202,10,19.0,0
106070,163,4,7.0,0
106071,6,6,13.0,0
106072,122,3,4.0,0
106073,122,9,15.0,0
106074,107,4,8.0,0
106075,34,10,27.0,0
106076,97,10,28.0,0
106077,75,9,28.0,0
106078,576,2,2.0,1
106079,319,3,11.0,1
106080,22,4,6.0,0
106082,80,6,9.0,0
106083,106,2,6.0,0
106084,125,11,15.0,0
106085,58,4,8.0,0
106086,2,5,11.0,0
106087,21,5,12.0,0
106088,868,1,4.0,1
106089,438,3,8.0,1
106090,55,5,12.0,0
106091,298,6,10.0,1
106092,662,3,6.0,1
106093,2,3,6.0,0
106094,26,6,7.0,0
106095,95,4,5.0,0
106096,407,3,6.0,1
106097,327,5,10.0,1
106098,3,6,9.0,0
106099,223,3,5.0,0
106100,613,3,7.0,1
106101,6,7,15.0,0
106102,339,4,5.0,1
106103,191,10,22.0,0
106104,221,4,9.0,0
106105,250,5,13.0,0
106106,53,2,5.0,0
106107,192,1,1.0,0
106108,207,2,2.0,0
106109,83,5,7.0,0
106111,174,4,8.0,0
106112,204,4,7.0,0
106113,85,11,26.0,0
106114,436,5,12.0,1
106115,175,4,7.0,0
106116,154,6,12.0,0
106117,432,3,7.0,1
106118,744,1,1.0,1
106119,170,5,11.0,0
106120,12,6,10.0,0
106121,167,7,14.0,0
106122,26,6,8.0,0
106123,488,3,7.0,1
106124,315,6,9.0,1
106125,259,5,9.0,0
106126,87,6,8.0,0
106127,372,4,10.0,1
106128,277,9,19.0,0
106129,397,6,8.0,1
106130,82,4,8.0,0
106131,449,9,12.0,1
106132,264,5,11.0,0
106133,133,9,18.0,0
106134,117,5,7.0,0
106135,156,6,9.0,0
106136,23,7,18.0,0
106137,1,3,4.0,0
106138,93,7,13.0,0
106139,615,2,2.0,1
106140,90,3,4.0,0
106141,391,5,8.0,1
106142,162,6,14.0,0
106143,109,4,10.0,0
106144,71,4,7.0,0
106145,115,3,3.0,0
106146,104,6,17.0,0
106147,90,5,6.0,0
106148,169,6,11.0,0
106149,4,5,11.0,0
106150,25,10,16.0,0
106151,252,4,10.0,0
106152,11,4,8.0,0
106153,10,4,12.0,0
106154,167,7,15.0,0
106155,65,5,11.0,0
106156,38,5,8.0,0
106157,174,7,11.0,0
106158,123,7,13.0,0
106159,205,5,9.0,0
106160,135,6,7.0,0
106161,257,5,14.0,0
106162,10,5,8.0,0
106163,20,12,20.0,0
106164,255,4,5.0,0
106165,166,3,7.0,0
106166,328,4,4.0,1
106167,115,5,8.0,0
106168,26,8,13.0,0
106169,124,7,10.0,0
106170,352,2,7.0,1
106171,260,8,15.0,0
106172,422,4,5.0,1
106173,40,6,16.0,0
106174,179,5,8.0,0
106175,440,5,6.0,1
106176,226,9,20.0,0
106177,126,4,7.0,0
106178,386,2,3.0,1
106179,23,7,9.0,0
106180,221,5,8.0,0
106181,127,8,12.0,0
106182,131,7,11.0,0
106183,298,5,7.0,1
106184,755,3,3.0,1
106185,391,5,9.0,1
106186,115,4,11.0,0
106187,419,3,3.0,1
106188,375,6,11.0,1
106189,246,4,10.0,0
106190,90,6,19.0,0
106191,470,1,2.0,1
106192,208,6,10.0,0
106193,52,4,9.0,0
106194,431,2,6.0,1
106195,182,2,3.0,0
106196,131,3,3.0,0
106197,156,7,11.0,0
106198,182,3,4.0,0
106199,159,2,3.0,0
106200,99,8,11.0,0
106201,17,8,20.0,0
106202,27,5,9.0,0
106203,325,5,6.0,1
106204,95,5,8.0,0
106205,321,4,10.0,1
106206,91,4,8.0,0
106207,107,6,14.0,0
106208,197,3,6.0,0
106209,356,2,5.0,1
106210,878,2,2.0,1
106211,336,5,7.0,1
106212,50,5,11.0,0
106213,216,5,9.0,0
106214,250,3,11.0,0
106215,275,6,10.0,0
106216,36,11,21.0,0
106217,9,6,12.0,0
106218,156,2,3.0,0
106219,611,2,6.0,1
106220,238,8,14.0,0
106221,371,1,2.0,1
106222,839,1,5.0,1
106223,325,4,9.0,1
106224,481,4,9.0,1
106225,293,4,7.0,1
106226,458,2,6.0,1
106227,525,4,14.0,1
106228,82,5,10.0,0
106229,25,8,13.0,0
106230,357,2,8.0,1
106231,296,3,6.0,1
106232,172,4,7.0,0
106233,500,3,10.0,1
106234,234,3,8.0,0
106235,124,5,11.0,0
106236,169,5,5.0,0
106237,239,6,14.0,0
106238,562,2,5.0,1
106239,148,5,11.0,0
106240,247,14,27.0,0
106241,139,6,13.0,0
106242,261,5,6.0,0
106243,59,11,22.0,0
106244,260,5,8.0,0
106245,160,6,16.0,0
106246,166,8,11.0,0
106247,360,3,4.0,1
106248,13,7,14.0,0
106249,38,11,24.0,0
106250,355,5,9.0,1
106251,181,7,19.0,0
106252,25,6,11.0,0
106253,22,10,19.0,0
106254,52,6,10.0,0
106255,111,4,5.0,0
106256,221,4,11.0,0
106257,127,4,8.0,0
106258,361,2,6.0,1
106259,94,6,13.0,0
106260,44,6,12.0,0
106261,246,7,15.0,0
106262,25,9,15.0,0
106263,566,2,5.0,1
106264,311,3,6.0,1
106265,133,5,10.0,0
106266,600,3,3.0,1
106267,210,5,9.0,0
106268,80,6,7.0,0
106269,37,4,7.0,0
106270,528,5,15.0,1
106271,17,7,13.0,0
106272,602,2,2.0,1
106273,133,5,10.0,0
106274,178,7,11.0,0
106275,18,7,12.0,0
106276,57,1,1.0,0
106277,453,2,6.0,1
106278,173,5,6.0,0
106279,279,3,6.0,0
106280,39,7,13.0,0
106281,14,4,4.0,0
106282,17,6,7.0,0
106283,81,7,9.0,0
106284,106,7,19.0,0
106285,246,9,18.0,0
106286,140,7,17.0,0
106287,757,1,2.0,1
106288,111,8,17.0,0
106289,825,2,4.0,1
106290,87,9,9.0,0
106291,246,5,10.0,0
106292,386,3,5.0,1
106293,309,6,19.0,1
106294,143,4,7.0,0
106295,665,5,8.0,1
106296,68,6,7.0,0
106297,138,6,9.0,0
106298,369,2,3.0,1
106299,242,2,4.0,0
106300,198,3,3.0,0
106301,151,4,9.0,0
106302,122,12,30.0,0
106303,175,4,4.0,0
106304,175,7,14.0,0
106305,21,5,8.0,0
106306,64,10,21.0,0
106307,216,4,10.0,0
106308,69,5,14.0,0
106309,49,4,10.0,0
106310,213,3,9.0,0
106311,80,7,13.0,0
106312,487,4,7.0,1
106313,356,6,13.0,1
106314,246,6,12.0,0
106315,42,5,12.0,0
106316,182,3,6.0,0
106317,229,1,2.0,0
106318,203,4,11.0,0
106319,453,3,7.0,1
106320,59,7,19.0,0
106321,26,9,15.0,0
106322,77,3,6.0,0
106323,65,9,23.0,0
106324,114,4,10.0,0
106325,64,4,7.0,0
106326,68,7,10.0,0
106327,75,1,1.0,0
106328,41,4,8.0,0
106329,94,7,17.0,0
106330,84,6,14.0,0
106331,237,2,5.0,0
106332,147,8,17.0,0
106333,36,3,8.0,0
106334,199,4,8.0,0
106335,246,9,14.0,0
106336,198,6,12.0,0
106337,185,3,4.0,0
106338,125,3,3.0,0
106339,29,7,17.0,0
106340,171,6,10.0,0
106341,55,7,15.0,0
106342,245,3,5.0,0
106344,291,4,13.0,1
106345,35,12,26.0,0
106346,178,2,2.0,0
106347,332,4,8.0,1
106348,102,5,8.0,0
106349,487,4,5.0,1
106350,52,4,6.0,0
106351,21,6,7.0,0
106352,279,7,11.0,0
106353,769,1,2.0,1
106354,118,4,5.0,0
106355,173,4,12.0,0
106356,214,8,17.0,0
106357,159,4,5.0,0
106358,457,3,5.0,1
106359,27,8,20.0,0
106360,5,5,8.0,0
106361,197,3,5.0,0
106362,112,4,6.0,0
106363,285,8,11.0,0
106364,539,2,5.0,1
106365,152,3,8.0,0
106366,7,5,6.0,0
106367,49,6,12.0,0
106368,325,5,8.0,1
106369,238,9,16.0,0
106370,230,5,6.0,0
106371,421,6,13.0,1
106372,172,4,6.0,0
106373,51,3,6.0,0
106374,86,6,8.0,0
106375,81,8,17.0,0
106376,658,2,4.0,1
106377,375,4,5.0,1
106378,45,6,12.0,0
106379,520,3,9.0,1
106380,153,6,14.0,0
106381,158,6,13.0,0
106382,237,5,8.0,0
106383,248,3,4.0,0
106384,515,4,7.0,1
106385,117,9,13.0,0
106386,119,7,10.0,0
106387,5,11,19.0,0
106388,151,5,10.0,0
106389,257,4,6.0,0
106390,89,6,15.0,0
106391,549,4,8.0,1
106392,376,4,5.0,1
106393,81,4,8.0,0
106394,64,5,10.0,0
106395,179,5,10.0,0
106396,58,6,13.0,0
106397,29,3,5.0,0
106398,56,7,18.0,0
106399,7,8,12.0,0
106400,112,4,8.0,0
106401,386,3,4.0,1
106402,125,4,6.0,0
106403,353,4,7.0,1
106404,652,1,2.0,1
106405,12,9,19.0,0
106406,119,4,12.0,0
106407,310,4,5.0,1
106408,173,4,11.0,0
106409,254,3,4.0,0
106410,307,3,6.0,1
106411,64,12,26.0,0
106412,17,7,10.0,0
106413,132,5,11.0,0
106414,105,3,8.0,0
106415,155,4,7.0,0
106416,37,6,15.0,0
106417,73,9,25.0,0
106418,116,6,12.0,0
106419,246,3,4.0,0
106420,354,4,10.0,1
106421,6,6,13.0,0
106422,780,3,5.0,1
106423,231,2,6.0,0
106424,457,5,14.0,1
106425,303,4,9.0,1
106426,206,7,11.0,0
106427,36,9,18.0,0
106428,43,6,12.0,0
106429,299,5,10.0,1
106430,201,6,12.0,0
106431,192,5,9.0,0
106432,61,6,8.0,0
106433,605,3,6.0,1
106434,163,5,10.0,0
106435,5,5,15.0,0
106436,124,10,20.0,0
106437,103,3,6.0,0
106438,416,4,7.0,1
106439,302,4,14.0,1
106440,301,6,13.0,1
106441,329,5,8.0,1
106442,270,4,7.0,0
106443,214,6,9.0,0
106444,469,3,7.0,1
106445,59,7,14.0,0
106446,11,7,12.0,0
106447,138,5,10.0,0
106448,318,6,16.0,1
106449,11,5,8.0,0
106450,123,9,19.0,0
106451,245,6,13.0,0
106452,109,3,4.0,0
106453,280,6,10.0,0
106454,81,6,11.0,0
106455,29,6,15.0,0
106456,284,7,16.0,0
106457,150,11,13.0,0
106458,362,6,7.0,1
106459,201,8,13.0,0
106460,382,3,3.0,1
106461,76,6,11.0,0
106462,19,7,9.0,0
106463,5,6,15.0,0
106464,194,5,7.0,0
106465,32,2,2.0,0
106466,305,5,11.0,1
106467,430,2,3.0,1
106468,49,4,4.0,0
106469,73,5,14.0,0
106470,6,4,10.0,0
106471,341,4,12.0,1
106472,180,6,9.0,0
106473,129,4,10.0,0
106474,12,3,6.0,0
106475,52,7,12.0,0
106476,212,2,5.0,0
106477,134,4,10.0,0
106478,138,8,13.0,0
106479,350,4,7.0,1
106480,228,5,9.0,0
106481,242,3,3.0,0
106482,174,2,2.0,0
106483,570,5,6.0,1
106484,95,7,15.0,0
106485,124,8,16.0,0
106486,40,4,6.0,0
106487,200,7,24.0,0
106488,61,7,12.0,0
106489,26,4,6.0,0
106490,31,4,10.0,0
106491,229,4,9.0,0
106492,178,6,10.0,0
106493,145,7,11.0,0
106494,100,2,2.0,0
106495,167,4,8.0,0
106496,35,6,14.0,0
106497,396,8,13.0,1
106498,194,4,6.0,0
106499,111,10,28.0,0
106500,345,5,7.0,1
106501,413,4,4.0,1
106502,76,7,15.0,0
106503,200,9,18.0,0
106504,341,3,5.0,1
106505,280,6,16.0,0
106506,68,5,11.0,0
106507,44,6,9.0,0
106508,623,3,6.0,1
106509,54,6,13.0,0
106510,320,6,14.0,1
106511,122,7,12.0,0
106512,67,4,8.0,0
106513,251,4,7.0,0
106514,66,4,11.0,0
106515,177,6,13.0,0
106516,237,5,8.0,0
106517,158,5,9.0,0
106518,34,8,9.0,0
106519,489,3,8.0,1
106520,29,5,16.0,0
106521,291,3,5.0,1
106522,35,6,11.0,0
106523,47,8,10.0,0
106524,7,4,5.0,0
106525,85,5,10.0,0
106526,39,4,5.0,0
106527,80,4,8.0,0
106528,234,4,4.0,0
106529,174,6,10.0,0
106530,475,4,9.0,1
106531,133,3,10.0,0
106532,100,4,6.0,0
106533,397,3,3.0,1
106534,69,5,8.0,0
106535,4,8,15.0,0
106536,456,4,9.0,1
106537,266,3,7.0,0
106538,245,4,8.0,0
106539,27,8,13.0,0
106540,262,6,10.0,0
106541,300,9,15.0,1
106542,214,4,5.0,0
106543,589,2,3.0,1
106544,677,3,7.0,1
106545,129,3,4.0,0
106546,408,3,4.0,1
106547,181,5,13.0,0
106548,209,6,15.0,0
106549,40,6,8.0,0
106550,56,7,10.0,0
106551,451,4,8.0,1
106552,145,3,5.0,0
106553,401,5,7.0,1
106554,15,4,9.0,0
106555,167,3,4.0,0
106556,84,5,10.0,0
106557,122,7,9.0,0
106558,144,10,20.0,0
106559,39,5,9.0,0
106560,192,9,16.0,0
106561,114,4,9.0,0
106562,556,4,4.0,1
106563,445,5,12.0,1
106564,11,4,5.0,0
106565,313,6,11.0,1
106566,165,8,19.0,0
106567,53,7,16.0,0
106568,178,5,11.0,0
106569,230,5,7.0,0
106570,197,5,12.0,0
106571,174,8,18.0,0
106572,69,8,15.0,0
106573,98,4,5.0,0
106574,229,3,5.0,0
106575,31,3,7.0,0
106576,151,4,9.0,0
106577,188,3,7.0,0
106578,44,4,8.0,0
106579,739,2,5.0,1
106580,109,6,11.0,0
106581,244,5,9.0,0
106582,52,5,10.0,0
106583,60,10,15.0,0
106584,245,2,4.0,0
106585,156,5,10.0,0
106586,44,3,6.0,0
106587,521,4,9.0,1
106588,194,5,11.0,0
106589,166,4,4.0,0
106590,58,7,14.0,0
106591,229,2,5.0,0
106592,369,4,4.0,1
106593,192,3,4.0,0
106594,146,4,10.0,0
106595,189,5,6.0,0
106596,283,8,15.0,0
106597,306,3,5.0,1
106598,339,3,5.0,1
106599,478,6,8.0,1
106600,200,6,11.0,0
106601,70,7,13.0,0
106602,312,3,3.0,1
106603,102,7,13.0,0
106604,321,7,15.0,1
106605,212,4,5.0,0
106606,44,9,14.0,0
106607,87,15,35.0,0
106608,63,6,8.0,0
106609,356,2,3.0,1
106610,72,3,6.0,0
106611,132,8,15.0,0
106612,225,5,11.0,0
106613,133,5,8.0,0
106614,19,5,10.0,0
106615,200,6,10.0,0
106616,232,6,11.0,0
106617,104,6,12.0,0
106618,192,9,12.0,0
106619,556,3,5.0,1
106620,231,1,2.0,0
106621,226,4,8.0,0
106622,84,6,11.0,0
106623,88,7,17.0,0
106624,168,3,5.0,0
106625,76,3,9.0,0
106626,45,5,10.0,0
106627,87,5,8.0,0
106628,144,5,10.0,0
106629,306,3,7.0,1
106630,119,6,10.0,0
106631,18,5,9.0,0
106632,29,8,17.0,0
106633,186,6,13.0,0
106634,101,7,10.0,0
106635,499,3,4.0,1
106636,523,5,12.0,1
106637,676,5,13.0,1
106638,94,4,8.0,0
106639,316,4,9.0,1
106640,220,4,7.0,0
106641,155,1,4.0,0
106642,517,3,3.0,1
106643,216,2,3.0,0
106644,164,4,5.0,0
106645,88,10,18.0,0
106646,262,3,6.0,0
106647,27,9,21.0,0
106648,65,5,5.0,0
106649,133,4,6.0,0
106650,9,5,9.0,0
106651,422,4,8.0,1
106652,228,3,6.0,0
106653,508,3,6.0,1
106654,162,5,10.0,0
106655,24,9,12.0,0
106656,333,5,11.0,1
106657,164,3,4.0,0
106658,189,6,14.0,0
106659,28,8,9.0,0
106660,54,4,5.0,0
106661,239,8,15.0,0
106662,547,3,4.0,1
106663,82,6,14.0,0
106664,795,1,1.0,1
106665,13,5,12.0,0
106666,212,3,7.0,0
106668,284,6,10.0,0
106669,44,5,11.0,0
106670,98,6,14.0,0
106671,424,5,13.0,1
106672,189,5,14.0,0
106673,226,3,6.0,0
106674,125,4,7.0,0
106675,224,3,9.0,0
106676,176,4,4.0,0
106677,323,3,5.0,1
106678,450,5,10.0,1
106679,192,4,7.0,0
106680,169,7,19.0,0
106681,6,8,10.0,0
106682,313,2,3.0,1
106683,131,4,7.0,0
106684,503,2,3.0,1
106685,52,8,14.0,0
106686,40,4,6.0,0
106687,28,7,10.0,0
106688,283,1,1.0,0
106689,692,1,5.0,1
106690,159,6,14.0,0
106691,247,6,12.0,0
106692,225,3,8.0,0
106693,7,5,10.0,0
106694,252,4,9.0,0
106695,208,4,4.0,0
106696,272,7,10.0,0
106697,24,3,6.0,0
106698,394,7,15.0,1
106699,77,8,14.0,0
106700,394,6,14.0,1
106701,192,10,17.0,0
106702,382,3,8.0,1
106703,1,5,13.0,0
106704,379,4,7.0,1
106705,261,2,5.0,0
106706,12,7,13.0,0
106707,632,3,7.0,1
106708,61,8,18.0,0
106709,42,5,9.0,0
106710,111,8,17.0,0
106711,47,6,11.0,0
106712,82,7,10.0,0
106713,93,3,9.0,0
106714,136,5,10.0,0
106715,330,2,7.0,1
106716,124,8,18.0,0
106717,118,7,17.0,0
106718,326,6,13.0,1
106719,707,3,6.0,1
106720,389,3,12.0,1
106721,100,4,9.0,0
106722,641,2,2.0,1
106723,224,5,12.0,0
106724,65,3,5.0,0
106725,34,4,6.0,0
106726,23,3,7.0,0
106727,548,4,6.0,1
106728,348,3,7.0,1
106729,3,1,1.0,0
106730,89,3,10.0,0
106731,353,6,17.0,1
106732,245,5,9.0,0
106733,81,9,15.0,0
106734,235,4,6.0,0
106735,77,3,7.0,0
106736,144,10,18.0,0
106737,107,6,11.0,0
106738,128,2,4.0,0
106739,13,5,13.0,0
106740,365,4,8.0,1
106741,166,7,13.0,0
106742,46,4,7.0,0
106743,611,5,10.0,1
106744,63,6,11.0,0
106745,101,5,9.0,0
106746,112,4,7.0,0
106747,370,2,5.0,1
106748,59,6,15.0,0
106749,108,3,5.0,0
106750,257,7,11.0,0
106751,164,2,4.0,0
106752,68,4,8.0,0
106753,6,7,15.0,0
106754,145,2,3.0,0
106755,213,3,11.0,0
106756,323,2,3.0,1
106757,412,6,10.0,1
106758,284,4,6.0,0
106759,187,6,10.0,0
106760,77,6,10.0,0
106761,757,1,2.0,1
106762,76,5,11.0,0
106763,112,6,11.0,0
106764,161,7,9.0,0
106765,314,7,12.0,1
106766,293,4,6.0,1
106767,533,3,6.0,1
106768,260,7,9.0,0
106769,11,8,13.0,0
106770,157,4,6.0,0
106771,82,6,12.0,0
106772,691,1,2.0,1
106773,51,4,8.0,0
106774,70,5,9.0,0
106775,286,6,10.0,0
106776,10,8,14.0,0
106777,73,5,10.0,0
106778,58,8,16.0,0
106779,140,4,12.0,0
106780,183,5,9.0,0
106781,695,2,3.0,1
106782,127,6,12.0,0
106783,221,6,14.0,0
106784,480,5,8.0,1
106785,358,4,8.0,1
106786,97,4,11.0,0
106787,291,4,6.0,1
106788,46,5,9.0,0
106789,331,4,9.0,1
106790,221,3,6.0,0
106791,187,5,9.0,0
106792,207,3,5.0,0
106793,194,7,9.0,0
106794,360,3,8.0,1
106795,116,6,11.0,0
106796,41,6,13.0,0
106797,538,2,3.0,1
106798,132,4,5.0,0
106799,340,4,8.0,1
106800,269,4,8.0,0
106801,228,6,11.0,0
106802,354,2,2.0,1
106803,571,3,5.0,1
106804,39,6,10.0,0
106805,303,6,11.0,1
106806,131,4,6.0,0
106807,220,3,6.0,0
106808,248,2,6.0,0
106809,3,10,19.0,0
106810,195,3,4.0,0
106811,101,10,17.0,0
106812,40,7,11.0,0
106813,179,3,7.0,0
106814,5,5,8.0,0
106815,137,8,11.0,0
106816,526,6,12.0,1
106817,237,5,9.0,0
106818,321,4,10.0,1
106819,92,8,15.0,0
106820,169,3,4.0,0
106821,87,6,9.0,0
106822,237,5,11.0,0
106823,152,4,9.0,0
106824,255,5,10.0,0
106825,49,7,14.0,0
106826,296,2,3.0,1
106827,152,4,8.0,0
106828,197,3,6.0,0
106829,87,6,11.0,0
106830,58,5,9.0,0
106831,198,3,4.0,0
106832,299,6,9.0,1
106833,11,7,19.0,0
106834,391,4,6.0,1
106835,243,3,4.0,0
106836,49,4,8.0,0
106837,186,5,5.0,0
106838,7,4,8.0,0
106839,213,8,15.0,0
106840,44,4,4.0,0
106841,443,3,9.0,1
106842,123,7,17.0,0
106843,726,1,3.0,1
106844,44,9,15.0,0
106845,185,5,7.0,0
106846,39,7,13.0,0
106847,105,2,2.0,0
106848,22,4,7.0,0
106849,2,3,3.0,0
106850,108,8,15.0,0
106851,101,5,7.0,0
106852,237,5,5.0,0
106853,33,6,12.0,0
106854,53,7,11.0,0
106855,1,4,12.0,0
106856,184,4,9.0,0
106857,33,7,14.0,0
106858,488,3,8.0,1
106859,165,4,11.0,0
106860,157,10,26.0,0
106861,212,4,4.0,0
106862,69,5,13.0,0
106863,169,4,8.0,0
106864,96,8,9.0,0
106865,352,2,5.0,1
106866,333,4,7.0,1
106867,6,6,12.0,0
106868,115,8,12.0,0
106869,450,4,9.0,1
106870,163,1,1.0,0
106871,27,5,9.0,0
106872,61,4,5.0,0
106873,318,2,6.0,1
106874,332,6,10.0,1
106875,308,3,5.0,1
106876,82,4,7.0,0
106877,31,6,11.0,0
106878,404,3,8.0,1
106879,305,4,7.0,1
106880,116,3,5.0,0
106881,333,6,11.0,1
106882,39,4,6.0,0
106883,306,3,5.0,1
106884,249,3,8.0,0
106885,131,4,7.0,0
106886,354,3,7.0,1
106887,3,1,2.0,0
106888,251,3,6.0,0
106889,24,4,6.0,0
106890,60,4,6.0,0
106891,782,2,3.0,1
106892,546,2,2.0,1
106893,134,1,1.0,0
106894,539,5,6.0,1
106895,65,8,13.0,0
106896,312,1,3.0,1
106897,310,5,7.0,1
106898,335,4,7.0,1
106899,146,8,19.0,0
106900,342,2,6.0,1
106901,3,7,12.0,0
106902,320,6,10.0,1
106903,312,5,18.0,1
106904,325,6,13.0,1
106905,101,6,13.0,0
106906,108,3,7.0,0
106907,505,3,7.0,1
106908,24,6,11.0,0
106909,27,9,17.0,0
106910,52,5,13.0,0
106911,427,4,6.0,1
106912,280,3,6.0,0
106913,99,4,6.0,0
106914,16,2,6.0,0
106915,117,3,3.0,0
106916,30,6,16.0,0
106917,72,4,6.0,0
106918,470,6,7.0,1
106919,189,6,9.0,0
106920,243,5,8.0,0
106921,82,6,14.0,0
106922,176,9,14.0,0
106923,161,5,10.0,0
106924,164,2,2.0,0
106925,272,6,12.0,0
106926,424,3,4.0,1
106927,323,4,7.0,1
106928,445,4,11.0,1
106929,513,3,6.0,1
106930,270,9,17.0,0
106931,214,7,12.0,0
106932,33,4,8.0,0
106933,80,8,12.0,0
106935,37,5,6.0,0
106936,42,9,15.0,0
106937,42,5,9.0,0
106938,307,3,4.0,1
106939,170,7,10.0,0
106940,139,3,6.0,0
106941,90,8,21.0,0
106942,262,6,8.0,0
106943,293,3,10.0,1
106944,300,2,2.0,1
106945,133,2,3.0,0
106946,279,5,6.0,0
106947,160,3,6.0,0
106948,75,10,17.0,0
106949,169,3,7.0,0
106950,132,5,9.0,0
106951,295,5,7.0,1
106952,267,5,12.0,0
106953,279,6,14.0,0
106954,211,4,9.0,0
106955,272,4,6.0,0
106956,104,4,4.0,0
106957,156,8,14.0,0
106958,109,3,4.0,0
106959,228,4,10.0,0
106960,3,5,12.0,0
106961,45,4,7.0,0
106962,37,5,13.0,0
106963,72,4,9.0,0
106964,47,6,11.0,0
106965,105,4,10.0,0
106966,753,1,1.0,1
106967,156,5,10.0,0
106968,567,4,5.0,1
106969,51,3,4.0,0
106970,256,8,18.0,0
106971,221,4,4.0,0
106972,170,6,10.0,0
106973,29,5,9.0,0
106974,234,3,5.0,0
106975,607,3,9.0,1
106976,161,4,10.0,0
106977,15,7,19.0,0
106978,228,4,9.0,0
106979,60,6,11.0,0
106980,30,2,5.0,0
106981,264,1,3.0,0
106982,23,2,4.0,0
106983,180,9,19.0,0
106984,35,2,4.0,0
106985,190,7,14.0,0
106986,163,4,8.0,0
106987,239,8,16.0,0
106988,207,6,7.0,0
106989,115,8,14.0,0
106990,621,2,3.0,1
106991,376,4,5.0,1
106992,308,6,10.0,1
106993,175,3,5.0,0
106994,143,5,8.0,0
106995,59,7,8.0,0
106996,48,5,14.0,0
106997,150,7,15.0,0
106998,8,4,7.0,0
106999,8,6,14.0,0
107000,121,11,20.0,0
107001,194,6,16.0,0
107002,351,1,1.0,1
107003,50,6,10.0,0
107004,18,4,9.0,0
107005,192,5,8.0,0
107006,38,2,4.0,0
107007,119,5,17.0,0
107008,61,7,10.0,0
107009,66,12,20.0,0
107010,455,1,1.0,1
107011,236,5,7.0,0
107012,149,3,5.0,0
107013,276,8,9.0,0
107014,308,2,5.0,1
107015,233,4,8.0,0
107016,118,6,13.0,0
107017,142,7,12.0,0
107018,35,3,6.0,0
107019,82,5,14.0,0
107020,234,5,11.0,0
107021,496,4,8.0,1
107022,172,2,3.0,0
107023,141,2,6.0,0
107024,198,3,4.0,0
107025,245,3,5.0,0
107026,20,6,14.0,0
107027,191,5,12.0,0
107028,1,10,22.0,0
107029,156,9,19.0,0
107030,203,10,22.0,0
107031,230,2,3.0,0
107032,151,5,12.0,0
107033,423,4,6.0,1
107034,1,8,12.0,0
107035,288,6,12.0,1
107036,38,7,10.0,0
107037,229,10,19.0,0
107038,158,6,8.0,0
107039,39,7,20.0,0
107040,109,7,18.0,0
107041,22,9,15.0,0
107042,209,4,8.0,0
107043,4,7,13.0,0
107044,297,7,13.0,1
107045,211,5,11.0,0
107046,439,2,4.0,1
107047,7,8,13.0,0
107048,239,6,11.0,0
107049,40,5,9.0,0
107050,5,5,12.0,0
107051,123,3,3.0,0
107052,175,4,5.0,0
107053,286,5,9.0,0
107054,315,4,7.0,1
107055,20,9,16.0,0
107056,33,7,9.0,0
107057,37,2,4.0,0
107058,131,3,6.0,0
107059,45,6,14.0,0
107060,473,3,3.0,1
107061,306,3,3.0,1
107062,23,7,15.0,0
107063,123,9,18.0,0
107064,66,4,10.0,0
107065,196,5,12.0,0
107066,303,4,7.0,1
107067,5,8,15.0,0
107068,303,5,8.0,1
107069,2,6,16.0,0
107070,160,5,11.0,0
107071,83,3,4.0,0
107072,1,3,10.0,0
107073,124,5,10.0,0
107074,289,5,7.0,1
107075,269,4,4.0,0
107076,75,11,19.0,0
107077,44,6,9.0,0
107078,190,6,13.0,0
107079,25,3,6.0,0
107080,94,3,7.0,0
107081,218,7,10.0,0
107082,178,3,4.0,0
107083,25,3,8.0,0
107084,441,5,7.0,1
107085,202,6,11.0,0
107086,548,3,3.0,1
107087,232,5,7.0,0
107088,353,2,2.0,1
107089,599,2,2.0,1
107090,34,6,17.0,0
107092,177,7,14.0,0
107093,201,4,6.0,0
107094,47,6,9.0,0
107095,55,9,17.0,0
107096,326,7,16.0,1
107097,44,6,19.0,0
107098,75,2,6.0,0
107099,250,6,13.0,0
107100,90,9,17.0,0
107101,301,4,7.0,1
107102,108,7,15.0,0
107103,139,5,9.0,0
107104,65,3,9.0,0
107105,423,4,7.0,1
107106,202,6,12.0,0
107107,429,7,14.0,1
107108,388,3,6.0,1
107109,195,6,9.0,0
107110,194,8,16.0,0
107111,78,5,15.0,0
107112,136,9,21.0,0
107113,56,9,21.0,0
107114,228,7,15.0,0
107115,193,7,16.0,0
107116,221,5,9.0,0
107117,191,5,16.0,0
107118,330,4,8.0,1
107119,246,9,21.0,0
107120,151,9,14.0,0
107121,11,6,17.0,0
107122,102,6,10.0,0
107123,297,4,6.0,1
107124,46,9,16.0,0
107125,299,3,7.0,1
107126,28,4,8.0,0
107127,145,6,17.0,0
107128,336,4,9.0,1
107129,214,4,4.0,0
107130,115,3,8.0,0
107131,135,8,25.0,0
107132,659,3,3.0,1
107133,299,2,6.0,1
107134,168,4,9.0,0
107135,88,2,4.0,0
107136,238,2,3.0,0
107137,56,9,14.0,0
107138,897,1,1.0,1
107139,22,5,7.0,0
107140,24,6,13.0,0
107141,175,9,23.0,0
107142,23,2,3.0,0
107143,19,4,5.0,0
107144,50,9,20.0,0
107145,128,7,10.0,0
107146,161,4,4.0,0
107147,29,5,8.0,0
107148,107,4,6.0,0
107149,54,5,10.0,0
107150,61,7,19.0,0
107151,180,3,6.0,0
107152,586,3,8.0,1
107153,411,5,15.0,1
107155,104,8,12.0,0
107156,412,9,14.0,1
107157,77,5,12.0,0
107158,880,1,2.0,1
107159,672,2,3.0,1
107160,17,1,1.0,0
107161,342,5,9.0,1
107162,585,3,6.0,1
107163,109,5,10.0,0
107164,109,9,21.0,0
107165,66,3,8.0,0
107166,2,9,17.0,0
107167,122,1,1.0,0
107168,74,10,20.0,0
107169,27,5,10.0,0
107170,457,3,3.0,1
107171,272,5,5.0,0
107172,13,3,5.0,0
107173,416,5,12.0,1
107174,240,7,11.0,0
107175,234,5,9.0,0
107176,208,5,12.0,0
107177,147,5,9.0,0
107178,103,4,11.0,0
107179,240,3,5.0,0
107180,252,7,11.0,0
107181,107,5,8.0,0
107182,229,3,5.0,0
107183,6,11,17.0,0
107184,191,6,12.0,0
107185,78,4,6.0,0
107186,62,13,24.0,0
107187,76,8,10.0,0
107188,70,3,5.0,0
107189,555,1,2.0,1
107190,72,7,18.0,0
107191,716,3,3.0,1
107192,147,6,10.0,0
107193,604,3,6.0,1
107194,26,7,16.0,0
107195,188,5,9.0,0
107196,180,6,14.0,0
107197,155,7,10.0,0
107198,458,3,3.0,1
107199,58,4,8.0,0
107200,412,8,11.0,1
107201,135,4,9.0,0
107202,185,3,5.0,0
107203,12,6,16.0,0
107204,153,9,13.0,0
107205,267,2,4.0,0
107206,534,3,5.0,1
107207,184,5,10.0,0
107208,193,3,7.0,0
107209,47,3,4.0,0
107210,49,6,14.0,0
107211,531,2,2.0,1
107212,163,6,11.0,0
107213,168,7,11.0,0
107214,101,4,8.0,0
107215,233,5,9.0,0
107216,30,8,16.0,0
107217,39,6,8.0,0
107218,77,4,8.0,0
107219,852,2,6.0,1
107220,136,6,11.0,0
107221,153,6,11.0,0
107222,29,7,17.0,0
107223,97,5,11.0,0
107224,137,3,5.0,0
107225,267,8,14.0,0
107226,288,2,5.0,1
107227,100,4,14.0,0
107228,102,11,28.0,0
107229,214,8,18.0,0
107230,84,5,11.0,0
107231,60,6,13.0,0
107232,29,6,15.0,0
107233,554,3,9.0,1
107234,152,10,19.0,0
107235,11,9,19.0,0
107236,280,3,4.0,0
107237,84,1,2.0,0
107238,700,3,7.0,1
107239,14,7,12.0,0
107240,84,7,15.0,0
107241,212,5,8.0,0
107242,617,2,4.0,1
107243,166,4,8.0,0
107244,180,7,16.0,0
107245,46,3,6.0,0
107246,398,2,2.0,1
107247,26,3,11.0,0
107248,47,5,10.0,0
107249,88,7,20.0,0
107250,680,4,4.0,1
107251,381,5,5.0,1
107252,486,3,4.0,1
107253,108,4,6.0,0
107254,252,6,14.0,0
107255,381,5,13.0,1
107256,50,7,8.0,0
107257,54,6,9.0,0
107258,411,2,4.0,1
107259,305,4,6.0,1
107260,335,3,4.0,1
107261,191,6,12.0,0
107262,126,7,13.0,0
107263,193,3,4.0,0
107264,332,3,4.0,1
107265,262,7,13.0,0
107266,131,3,6.0,0
107267,368,6,7.0,1
107268,102,3,3.0,0
107269,205,7,13.0,0
107270,57,5,8.0,0
107271,234,6,16.0,0
107272,292,5,9.0,1
107273,41,9,14.0,0
107274,376,4,9.0,1
107275,126,5,13.0,0
107276,222,6,10.0,0
107277,163,3,6.0,0
107278,34,5,6.0,0
107279,127,5,9.0,0
107280,3,4,7.0,0
107281,3,8,15.0,0
107282,565,2,3.0,1
107283,284,3,4.0,0
107284,287,2,5.0,1
107285,306,4,7.0,1
107286,278,6,9.0,0
107287,8,8,12.0,0
107288,222,5,11.0,0
107289,183,3,5.0,0
107290,367,1,2.0,1
107291,398,6,11.0,1
107292,18,7,13.0,0
107293,255,3,8.0,0
107294,35,5,9.0,0
107295,269,7,13.0,0
107296,28,6,7.0,0
107297,199,4,11.0,0
107298,26,6,6.0,0
107299,274,3,5.0,0
107300,317,6,11.0,1
107301,239,4,9.0,0
107302,24,4,4.0,0
107303,52,2,4.0,0
107304,746,3,8.0,1
107305,143,4,10.0,0
107306,47,5,11.0,0
107307,174,6,10.0,0
107308,836,2,2.0,1
107309,385,7,12.0,1
107310,60,6,11.0,0
107311,175,5,12.0,0
107312,146,5,8.0,0
107313,247,3,6.0,0
107314,479,4,8.0,1
107315,289,6,10.0,1
107316,241,5,9.0,0
107317,335,3,5.0,1
107318,18,8,9.0,0
107319,437,3,6.0,1
107320,232,8,16.0,0
107321,41,8,12.0,0
107322,261,4,10.0,0
107323,61,8,17.0,0
107324,313,4,7.0,1
107325,54,7,14.0,0
107326,285,6,9.0,0
107327,385,2,2.0,1
107328,172,6,9.0,0
107329,192,5,6.0,0
107330,71,8,15.0,0
107331,78,6,9.0,0
107332,108,8,15.0,0
107333,26,6,12.0,0
107334,21,5,14.0,0
107335,112,4,8.0,0
107336,268,4,10.0,0
107337,81,4,4.0,0
107338,63,2,5.0,0
107339,392,3,4.0,1
107340,154,10,16.0,0
107341,350,4,12.0,1
107342,344,4,8.0,1
107343,37,4,6.0,0
107344,22,5,9.0,0
107345,162,7,9.0,0
107346,344,3,5.0,1
107347,180,7,12.0,0
107348,382,4,6.0,1
107349,162,6,10.0,0
107350,215,5,8.0,0
107351,157,1,1.0,0
107352,95,4,7.0,0
107353,583,2,6.0,1
107354,228,9,16.0,0
107355,335,3,3.0,1
107356,223,9,13.0,0
107357,6,9,19.0,0
107358,99,4,13.0,0
107359,240,2,2.0,0
107360,162,3,5.0,0
107361,298,4,10.0,1
107362,96,6,12.0,0
107363,110,8,19.0,0
107364,230,2,4.0,0
107365,48,3,6.0,0
107366,415,2,3.0,1
107367,133,7,14.0,0
107368,154,2,8.0,0
107369,232,4,6.0,0
107370,216,6,9.0,0
107371,19,3,4.0,0
107373,132,4,11.0,0
107374,403,5,8.0,1
107375,272,8,11.0,0
107376,89,10,22.0,0
107377,364,5,11.0,1
107378,173,5,9.0,0
107379,207,3,4.0,0
107380,79,7,11.0,0
107381,245,5,10.0,0
107382,317,4,7.0,1
107383,178,3,3.0,0
107384,97,7,10.0,0
107385,220,3,8.0,0
107386,245,5,13.0,0
107387,116,7,11.0,0
107388,106,5,10.0,0
107389,24,8,12.0,0
107390,193,6,14.0,0
107391,193,5,10.0,0
107392,232,3,5.0,0
107393,261,6,18.0,0
107394,316,5,11.0,1
107395,265,3,5.0,0
107396,500,2,7.0,1
107397,688,1,2.0,1
107398,304,7,17.0,1
107399,825,2,4.0,1
107400,399,5,7.0,1
107401,117,9,16.0,0
107402,5,8,18.0,0
107403,287,4,8.0,1
107404,116,4,8.0,0
107405,114,5,11.0,0
107406,150,5,10.0,0
107407,438,2,5.0,1
107408,137,5,7.0,0
107409,78,3,3.0,0
107410,285,3,6.0,0
107411,113,3,8.0,0
107412,88,5,14.0,0
107413,199,5,7.0,0
107414,443,3,4.0,1
107415,170,6,10.0,0
107416,62,3,5.0,0
107417,246,7,13.0,0
107418,223,6,9.0,0
107419,409,5,13.0,1
107420,63,4,8.0,0
107421,454,5,16.0,1
107422,227,3,4.0,0
107423,158,4,5.0,0
107424,19,8,18.0,0
107425,203,5,13.0,0
107426,224,4,7.0,0
107428,500,2,5.0,1
107429,285,3,5.0,0
107430,198,6,15.0,0
107431,354,2,6.0,1
107432,125,6,12.0,0
107433,77,4,9.0,0
107434,147,3,5.0,0
107435,286,6,15.0,0
107436,451,7,11.0,1
107437,10,6,16.0,0
107438,111,6,9.0,0
107439,363,4,6.0,1
107440,58,2,5.0,0
107441,71,6,12.0,0
107442,122,3,7.0,0
107443,93,6,13.0,0
107444,201,4,9.0,0
107445,4,5,9.0,0
107446,63,5,9.0,0
107447,30,7,15.0,0
107448,303,4,7.0,1
107449,462,4,8.0,1
107450,216,4,5.0,0
107451,308,3,5.0,1
107452,88,7,12.0,0
107453,155,6,15.0,0
107454,133,4,7.0,0
107455,297,5,10.0,1
107456,99,4,11.0,0
107457,19,8,16.0,0
107458,255,5,10.0,0
107459,12,7,12.0,0
107460,52,9,14.0,0
107461,191,5,11.0,0
107462,43,6,11.0,0
107463,391,3,5.0,1
107464,384,8,17.0,1
107465,143,5,11.0,0
107466,187,4,13.0,0
107467,230,4,5.0,0
107468,79,2,2.0,0
107469,171,6,9.0,0
107470,251,4,10.0,0
107471,316,7,11.0,1
107472,223,4,13.0,0
107473,259,4,9.0,0
107474,82,12,22.0,0
107475,306,6,13.0,1
107476,303,6,10.0,1
107477,92,7,8.0,0
107478,254,8,16.0,0
107479,29,6,11.0,0
107480,17,10,15.0,0
107481,16,4,8.0,0
107482,238,2,5.0,0
107483,309,5,8.0,1
107484,251,5,12.0,0
107485,21,5,10.0,0
107486,403,1,2.0,1
107487,76,7,11.0,0
107488,8,7,16.0,0
107489,71,5,6.0,0
107490,267,3,5.0,0
107491,301,1,3.0,1
107492,164,4,6.0,0
107493,64,4,7.0,0
107494,251,6,10.0,0
107495,37,5,11.0,0
107496,81,2,2.0,0
107497,13,6,11.0,0
107498,106,6,16.0,0
107499,438,3,6.0,1
107501,354,6,13.0,1
107502,53,7,20.0,0
107503,325,5,14.0,1
107504,103,2,4.0,0
107505,501,1,2.0,1
107506,161,6,12.0,0
107507,267,4,9.0,0
107508,207,2,4.0,0
107509,182,6,8.0,0
107510,331,4,7.0,1
107511,199,5,7.0,0
107512,71,5,6.0,0
107513,21,9,17.0,0
107514,526,5,8.0,1
107515,80,5,12.0,0
107516,451,5,9.0,1
107517,497,4,7.0,1
107518,175,5,11.0,0
107519,325,4,10.0,1
107520,157,8,21.0,0
107521,489,3,3.0,1
107522,276,2,2.0,0
107523,73,10,20.0,0
107524,335,2,3.0,1
107525,447,2,5.0,1
107526,214,5,9.0,0
107527,62,5,12.0,0
107528,262,5,7.0,0
107529,16,6,8.0,0
107530,249,5,6.0,0
107531,302,2,2.0,1
107532,211,3,8.0,0
107533,459,4,9.0,1
107534,25,8,14.0,0
107535,172,5,10.0,0
107536,26,7,14.0,0
107537,222,4,5.0,0
107538,146,4,6.0,0
107539,375,5,7.0,1
107540,572,2,5.0,1
107541,242,9,16.0,0
107542,661,2,2.0,1
107543,142,5,8.0,0
107544,358,6,9.0,1
107545,355,3,5.0,1
107546,192,3,6.0,0
107547,501,3,7.0,1
107548,144,5,11.0,0
107549,98,6,16.0,0
107550,269,3,5.0,0
107551,122,5,7.0,0
107552,182,4,8.0,0
107553,187,3,4.0,0
107554,134,4,5.0,0
107555,3,5,15.0,0
107556,50,9,18.0,0
107557,600,3,3.0,1
107558,7,5,10.0,0
107559,133,8,13.0,0
107560,42,4,10.0,0
107561,287,5,7.0,1
107562,72,3,4.0,0
107563,77,3,5.0,0
107564,4,7,16.0,0
107565,12,5,13.0,0
107566,109,1,1.0,0
107567,162,3,6.0,0
107568,110,6,10.0,0
107569,216,6,12.0,0
107570,33,4,5.0,0
107571,63,10,16.0,0
107572,92,4,6.0,0
107573,388,2,3.0,1
107574,239,4,6.0,0
107575,464,4,8.0,1
107576,353,7,9.0,1
107577,179,5,10.0,0
107578,135,6,14.0,0
107579,167,5,8.0,0
107580,666,3,3.0,1
107581,221,10,21.0,0
107582,114,8,13.0,0
107583,162,5,14.0,0
107584,128,4,4.0,0
107585,278,7,17.0,0
107586,281,3,4.0,0
107587,205,7,10.0,0
107588,314,3,5.0,1
107589,117,7,17.0,0
107590,66,6,13.0,0
107591,57,3,8.0,0
107592,10,2,4.0,0
107593,57,4,8.0,0
107594,87,4,4.0,0
107595,192,5,12.0,0
107596,117,7,9.0,0
107597,176,4,6.0,0
107598,512,6,8.0,1
107599,358,2,6.0,1
107600,178,1,3.0,0
107601,137,4,10.0,0
107602,236,6,14.0,0
107603,481,3,6.0,1
107604,43,6,13.0,0
107605,49,8,16.0,0
107606,48,3,5.0,0
107607,164,7,10.0,0
107608,355,2,3.0,1
107609,257,8,16.0,0
107610,668,5,16.0,1
107611,137,3,6.0,0
107612,279,6,10.0,0
107613,188,6,14.0,0
107614,367,10,20.0,1
107615,147,7,18.0,0
107616,150,5,6.0,0
107617,167,8,19.0,0
107618,54,7,10.0,0
107619,10,7,17.0,0
107620,57,9,13.0,0
107621,244,4,8.0,0
107622,196,2,6.0,0
107623,224,5,10.0,0
107624,546,5,9.0,1
107625,410,4,10.0,1
107626,147,7,12.0,0
107627,88,3,5.0,0
107628,25,3,3.0,0
107629,543,3,7.0,1
107630,193,5,7.0,0
107631,22,5,5.0,0
107632,170,5,8.0,0
107633,70,6,12.0,0
107634,140,4,5.0,0
107635,250,11,21.0,0
107636,31,7,16.0,0
107637,443,2,2.0,1
107638,136,4,8.0,0
107639,79,5,7.0,0
107640,330,7,17.0,1
107641,109,7,11.0,0
107642,213,3,5.0,0
107643,32,9,14.0,0
107644,140,7,14.0,0
107645,132,6,12.0,0
107646,245,6,10.0,0
107647,873,2,3.0,1
107648,150,6,11.0,0
107649,84,5,7.0,0
107650,55,9,12.0,0
107651,63,6,11.0,0
107652,53,3,6.0,0
107653,347,3,6.0,1
107654,218,4,10.0,0
107655,306,5,5.0,1
107656,260,7,13.0,0
107657,365,5,11.0,1
107658,46,6,13.0,0
107659,48,5,12.0,0
107660,125,3,4.0,0
107661,16,5,9.0,0
107662,254,4,6.0,0
107663,351,4,9.0,1
107664,237,7,12.0,0
107665,390,4,11.0,1
107666,268,3,8.0,0
107668,40,9,14.0,0
107669,396,7,19.0,1
107670,353,5,8.0,1
107671,69,11,19.0,0
107672,156,11,24.0,0
107673,152,5,6.0,0
107674,297,4,12.0,1
107675,54,3,9.0,0
107676,434,5,14.0,1
107677,23,8,18.0,0
107678,124,5,8.0,0
107679,125,6,12.0,0
107680,44,5,11.0,0
107681,173,7,11.0,0
107682,107,7,13.0,0
107683,769,2,2.0,1
107684,272,5,8.0,0
107685,115,5,9.0,0
107686,465,3,6.0,1
107687,3,3,4.0,0
107688,83,2,5.0,0
107689,59,5,10.0,0
107690,229,2,3.0,0
107691,364,2,4.0,1
107692,92,10,18.0,0
107693,121,6,9.0,0
107694,617,2,2.0,1
107695,262,5,16.0,0
107696,138,4,6.0,0
107697,41,3,6.0,0
107698,182,7,15.0,0
107699,154,4,8.0,0
107700,4,6,14.0,0
107701,288,10,19.0,1
107702,163,10,22.0,0
107703,207,5,10.0,0
107704,555,4,8.0,1
107705,31,4,10.0,0
107706,321,8,16.0,1
107707,180,7,12.0,0
107708,391,2,4.0,1
107709,424,4,8.0,1
107710,348,2,3.0,1
107711,94,9,16.0,0
107712,37,6,12.0,0
107713,474,3,9.0,1
107714,139,6,9.0,0
107715,397,2,3.0,1
107716,199,9,16.0,0
107717,135,4,6.0,0
107718,49,2,3.0,0
107719,66,7,11.0,0
107720,185,4,9.0,0
107721,226,4,6.0,0
107722,160,4,9.0,0
107723,125,5,12.0,0
107724,255,1,1.0,0
107725,340,6,12.0,1
107726,4,4,9.0,0
107727,276,5,9.0,0
107728,4,5,7.0,0
107729,50,6,12.0,0
107730,45,5,11.0,0
107731,56,12,28.0,0
107732,42,8,15.0,0
107733,224,9,22.0,0
107734,46,2,2.0,0
107735,473,5,13.0,1
107736,103,6,13.0,0
107737,304,2,3.0,1
107738,19,8,14.0,0
107739,40,8,22.0,0
107740,451,3,3.0,1
107741,124,5,12.0,0
107742,329,5,5.0,1
107743,153,5,14.0,0
107744,451,4,7.0,1
107745,19,4,7.0,0
107746,43,5,9.0,0
107747,557,3,7.0,1
107748,25,5,10.0,0
107749,140,8,14.0,0
107750,137,3,4.0,0
107751,157,5,10.0,0
107752,24,11,15.0,0
107753,140,5,7.0,0
107754,298,7,14.0,1
107755,151,3,3.0,0
107756,155,6,10.0,0
107757,42,8,14.0,0
107758,158,3,5.0,0
107759,62,9,16.0,0
107760,276,2,4.0,0
107761,659,2,6.0,1
107762,194,6,12.0,0
107763,442,3,4.0,1
107764,57,4,7.0,0
107765,172,4,12.0,0
107766,50,8,22.0,0
107767,541,1,3.0,1
107768,302,6,17.0,1
107769,136,6,9.0,0
107770,213,4,5.0,0
107771,81,8,18.0,0
107772,379,4,5.0,1
107773,327,6,9.0,1
107774,68,6,11.0,0
107775,169,8,12.0,0
107776,31,4,9.0,0
107777,208,4,6.0,0
107778,242,1,1.0,0
107779,31,7,9.0,0
107780,115,6,8.0,0
107781,268,3,5.0,0
107782,244,7,16.0,0
107783,358,7,11.0,1
107784,28,4,11.0,0
107785,458,2,5.0,1
107786,618,2,2.0,1
107787,631,2,6.0,1
107788,175,8,15.0,0
107789,319,5,8.0,1
107790,248,5,9.0,0
107791,37,5,11.0,0
107792,74,4,4.0,0
107793,187,7,12.0,0
107794,357,5,16.0,1
107795,66,4,6.0,0
107796,181,3,5.0,0
107797,183,6,11.0,0
107798,50,4,10.0,0
107799,30,2,3.0,0
107800,235,8,11.0,0
107801,24,11,22.0,0
107802,67,4,11.0,0
107803,395,2,5.0,1
107804,84,5,7.0,0
107805,45,8,9.0,0
107806,5,7,11.0,0
107807,474,4,14.0,1
107808,70,5,9.0,0
107809,182,4,4.0,0
107810,77,5,9.0,0
107811,83,8,13.0,0
107812,89,6,13.0,0
107813,304,5,10.0,1
107814,37,3,7.0,0
107815,215,3,4.0,0
107816,505,3,8.0,1
107817,221,6,7.0,0
107818,17,5,14.0,0
107819,136,1,3.0,0
107820,86,7,13.0,0
107821,61,6,10.0,0
107822,47,3,3.0,0
107823,613,1,1.0,1
107824,92,6,6.0,0
107825,289,4,8.0,1
107826,74,6,12.0,0
107827,377,3,12.0,1
107828,2,11,21.0,0
107829,164,5,7.0,0
107830,53,2,3.0,0
107831,152,4,6.0,0
107832,134,4,7.0,0
107833,85,4,13.0,0
107834,330,2,3.0,1
107835,35,4,10.0,0
107836,139,4,7.0,0
107837,37,8,18.0,0
107838,200,9,18.0,0
107839,5,10,19.0,0
107840,120,8,12.0,0
107841,95,7,19.0,0
107842,207,4,7.0,0
107843,422,2,4.0,1
107844,123,5,7.0,0
107845,51,6,13.0,0
107846,172,9,17.0,0
107847,178,4,12.0,0
107848,487,3,7.0,1
107849,264,3,4.0,0
107850,2,8,12.0,0
107851,52,6,13.0,0
107852,281,7,11.0,0
107853,273,8,15.0,0
107854,270,5,9.0,0
107855,135,7,13.0,0
107856,243,5,13.0,0
107857,208,7,19.0,0
107858,88,3,7.0,0
107859,284,5,13.0,0
107860,590,3,7.0,1
107861,583,4,10.0,1
107862,3,4,6.0,0
107863,123,4,5.0,0
107864,471,3,3.0,1
107865,151,6,9.0,0
107866,195,7,12.0,0
107867,295,2,6.0,1
107868,54,5,8.0,0
107869,303,4,10.0,1
107870,90,3,6.0,0
107871,403,2,3.0,1
107872,197,8,15.0,0
107873,139,3,6.0,0
107874,45,3,8.0,0
107875,190,5,8.0,0
107876,75,6,12.0,0
107877,342,5,10.0,1
107878,502,3,8.0,1
107879,204,5,6.0,0
107880,10,5,8.0,0
107881,165,6,8.0,0
107882,29,5,8.0,0
107883,192,4,5.0,0
107884,42,7,9.0,0
107885,138,2,3.0,0
107886,180,3,7.0,0
107887,108,4,7.0,0
107888,153,5,7.0,0
107889,256,5,10.0,0
107890,349,3,7.0,1
107891,212,2,4.0,0
107892,320,3,4.0,1
107893,376,4,8.0,1
107894,651,3,6.0,1
107895,31,2,3.0,0
107896,758,1,1.0,1
107897,3,5,8.0,0
107898,108,6,10.0,0
107899,564,1,1.0,1
107900,206,3,7.0,0
107901,420,2,4.0,1
107902,41,8,16.0,0
107903,45,4,10.0,0
107904,360,4,5.0,1
107905,285,6,11.0,0
107906,2,4,4.0,0
107907,265,5,10.0,0
107908,42,9,15.0,0
107909,182,7,13.0,0
107910,38,9,19.0,0
107911,51,6,7.0,0
107912,158,2,3.0,0
107913,9,6,10.0,0
107914,341,3,7.0,1
107915,153,2,2.0,0
107916,26,7,10.0,0
107917,205,8,13.0,0
107918,85,7,13.0,0
107919,250,6,11.0,0
107920,18,4,6.0,0
107921,271,7,10.0,0
107922,166,4,8.0,0
107923,143,3,5.0,0
107924,195,4,8.0,0
107925,20,6,12.0,0
107926,17,5,10.0,0
107927,159,1,1.0,0
107928,92,5,8.0,0
107929,93,6,12.0,0
107930,184,5,8.0,0
107931,304,4,10.0,1
107932,179,2,4.0,0
107933,239,5,8.0,0
107934,52,8,13.0,0
107935,45,9,12.0,0
107936,321,5,10.0,1
107937,34,5,6.0,0
107938,50,9,20.0,0
107939,168,3,8.0,0
107940,183,9,13.0,0
107941,348,3,7.0,1
107942,208,6,12.0,0
107943,131,9,19.0,0
107944,119,4,6.0,0
107945,143,7,10.0,0
107946,17,5,9.0,0
107948,422,4,6.0,1
107949,10,4,6.0,0
107950,75,5,10.0,0
107951,85,6,12.0,0
107952,305,5,9.0,1
107953,209,3,3.0,0
107954,181,7,14.0,0
107955,50,4,12.0,0
107956,42,8,11.0,0
107957,93,5,10.0,0
107958,386,4,4.0,1
107959,178,4,7.0,0
107960,388,5,10.0,1
107961,122,8,12.0,0
107962,284,6,13.0,0
107963,63,7,15.0,0
107964,177,2,6.0,0
107965,38,6,9.0,0
107966,568,6,12.0,1
107967,19,6,13.0,0
107968,271,3,3.0,0
107969,179,8,17.0,0
107970,10,3,7.0,0
107971,273,5,8.0,0
107972,360,4,12.0,1
107973,176,5,8.0,0
107974,173,5,13.0,0
107975,199,5,7.0,0
107976,300,4,12.0,1
107978,28,5,7.0,0
107979,69,8,14.0,0
107980,83,4,5.0,0
107981,219,2,3.0,0
107982,339,5,12.0,1
107983,65,6,9.0,0
107984,191,6,9.0,0
107985,255,7,13.0,0
107986,78,3,6.0,0
107987,98,6,8.0,0
107988,168,3,4.0,0
107989,171,6,10.0,0
107990,166,4,6.0,0
107991,460,3,3.0,1
107992,19,6,11.0,0
107993,1,3,5.0,0
107994,175,3,6.0,0
107995,151,4,11.0,0
107996,602,3,8.0,1
107997,245,4,7.0,0
107998,32,7,10.0,0
107999,452,4,8.0,1
108000,240,5,14.0,0
108001,80,6,17.0,0
108002,190,4,7.0,0
108003,133,1,1.0,0
108004,157,5,13.0,0
108005,25,6,11.0,0
108006,53,5,10.0,0
108007,351,5,7.0,1
108008,225,6,13.0,0
108009,20,8,13.0,0
108010,384,4,8.0,1
108011,409,4,7.0,1
108012,282,6,9.0,0
108013,15,5,14.0,0
108014,10,4,7.0,0
108015,66,7,9.0,0
108016,46,6,15.0,0
108017,150,8,16.0,0
108018,79,8,15.0,0
108019,286,3,4.0,0
108020,628,1,2.0,1
108021,194,4,5.0,0
108022,80,3,9.0,0
108023,101,8,10.0,0
108024,307,8,16.0,1
108025,292,5,12.0,1
108026,254,1,2.0,0
108027,163,4,11.0,0
108028,64,4,7.0,0
108029,628,6,11.0,1
108030,80,5,9.0,0
108031,55,3,5.0,0
108032,225,2,2.0,0
108033,18,9,14.0,0
108034,631,3,5.0,1
108035,273,2,3.0,0
108036,89,7,9.0,0
108037,298,4,4.0,1
108038,240,5,11.0,0
108039,181,8,16.0,0
108040,351,3,7.0,1
108041,594,2,5.0,1
108042,301,5,11.0,1
108043,225,5,9.0,0
108044,61,5,13.0,0
108045,47,8,16.0,0
108046,390,2,4.0,1
108047,3,6,11.0,0
108048,84,10,19.0,0
108049,335,7,14.0,1
108050,142,3,3.0,0
108051,152,8,11.0,0
108052,71,5,9.0,0
108053,472,9,19.0,1
108054,420,4,6.0,1
108055,214,6,12.0,0
108056,444,3,8.0,1
108057,431,3,4.0,1
108058,154,6,9.0,0
108059,104,8,11.0,0
108060,295,6,13.0,1
108061,48,3,5.0,0
108062,311,4,7.0,1
108063,304,5,11.0,1
108064,455,2,4.0,1
108065,646,1,1.0,1
108066,47,6,10.0,0
108067,385,3,7.0,1
108068,110,5,13.0,0
108069,205,4,8.0,0
108070,143,4,5.0,0
108071,247,7,9.0,0
108072,372,7,13.0,1
108073,144,7,11.0,0
108074,13,6,13.0,0
108075,116,4,10.0,0
108076,497,2,3.0,1
108077,77,8,15.0,0
108078,338,3,9.0,1
108079,115,6,9.0,0
108080,194,5,6.0,0
108081,155,6,13.0,0
108082,462,2,3.0,1
108083,123,5,12.0,0
108084,13,6,8.0,0
108085,666,6,8.0,1
108086,223,5,6.0,0
108087,89,9,13.0,0
108088,90,1,3.0,0
108089,31,7,13.0,0
108090,318,5,9.0,1
108091,240,4,7.0,0
108092,21,10,21.0,0
108093,12,5,10.0,0
108094,491,3,6.0,1
108095,224,5,10.0,0
108096,159,3,5.0,0
108097,17,6,13.0,0
108098,220,5,7.0,0
108099,91,9,17.0,0
108100,3,8,17.0,0
108101,305,6,10.0,1
108102,292,4,8.0,1
108103,277,3,9.0,0
108104,149,3,3.0,0
108105,134,3,4.0,0
108106,104,5,6.0,0
108107,100,5,10.0,0
108108,74,7,8.0,0
108109,91,8,16.0,0
108110,33,9,18.0,0
108111,467,3,5.0,1
108112,351,3,9.0,1
108113,657,2,3.0,1
108114,61,6,9.0,0
108115,260,4,6.0,0
108116,7,3,4.0,0
108117,290,4,7.0,1
108118,226,3,5.0,0
108119,248,5,13.0,0
108120,1,7,21.0,0
108121,332,5,8.0,1
108122,172,3,4.0,0
108123,75,2,2.0,0
108124,93,6,9.0,0
108125,15,6,10.0,0
108126,40,5,9.0,0
108127,106,4,7.0,0
108128,314,4,6.0,1
108129,135,6,14.0,0
108130,773,2,4.0,1
108131,466,2,2.0,1
108132,174,7,15.0,0
108133,424,2,4.0,1
108134,42,4,12.0,0
108135,47,7,13.0,0
108136,79,8,11.0,0
108137,46,5,9.0,0
108138,402,3,4.0,1
108139,39,4,7.0,0
108140,125,4,5.0,0
108141,89,10,18.0,0
108142,21,7,11.0,0
108143,50,8,19.0,0
108144,45,4,11.0,0
108145,612,5,8.0,1
108146,84,2,2.0,0
108147,152,3,5.0,0
108148,336,5,8.0,1
108149,472,5,12.0,1
108150,264,5,6.0,0
108151,118,3,8.0,0
108152,137,3,7.0,0
108153,60,4,10.0,0
108154,49,4,13.0,0
108155,542,3,3.0,1
108156,366,4,9.0,1
108157,67,5,5.0,0
108158,37,10,22.0,0
108159,179,3,4.0,0
108160,369,4,6.0,1
108161,95,4,7.0,0
108162,173,5,9.0,0
108163,140,8,13.0,0
108164,276,4,10.0,0
108165,101,7,10.0,0
108166,276,7,18.0,0
108167,169,4,6.0,0
108168,160,2,2.0,0
108169,516,1,2.0,1
108170,478,1,1.0,1
108171,44,9,20.0,0
108172,36,7,14.0,0
108173,102,7,13.0,0
108174,528,2,2.0,1
108175,5,6,11.0,0
108176,174,1,3.0,0
108177,44,8,11.0,0
108178,2,7,11.0,0
108179,126,6,9.0,0
108180,39,6,12.0,0
108181,89,4,7.0,0
108182,313,5,13.0,1
108183,437,4,8.0,1
108184,232,7,12.0,0
108185,452,4,10.0,1
108186,238,4,6.0,0
108187,21,7,10.0,0
108188,53,8,16.0,0
108189,219,2,6.0,0
108190,22,3,3.0,0
108191,91,4,10.0,0
108192,290,3,4.0,1
108193,169,12,26.0,0
108194,71,4,8.0,0
108195,544,4,6.0,1
108196,26,6,11.0,0
108197,152,9,13.0,0
108198,77,5,10.0,0
108199,339,5,11.0,1
108200,157,5,10.0,0
108201,830,2,3.0,1
108202,415,1,1.0,1
108203,67,5,7.0,0
108204,221,3,4.0,0
108205,334,4,5.0,1
108206,61,5,13.0,0
108207,21,5,10.0,0
108208,81,9,16.0,0
108209,276,4,14.0,0
108210,273,7,11.0,0
108211,63,8,17.0,0
108212,292,7,12.0,1
108213,332,5,9.0,1
108214,186,2,4.0,0
108215,61,4,7.0,0
108216,287,7,9.0,1
108217,137,7,15.0,0
108218,12,7,14.0,0
108219,6,8,11.0,0
108220,364,2,4.0,1
108221,258,5,12.0,0
108222,560,3,5.0,1
108223,93,5,6.0,0
108224,44,5,8.0,0
108225,79,5,12.0,0
108226,617,3,8.0,1
108227,304,6,15.0,1
108228,73,4,8.0,0
108229,89,7,11.0,0
108230,81,4,7.0,0
108231,39,9,15.0,0
108232,122,5,7.0,0
108233,63,5,9.0,0
108234,48,6,10.0,0
108235,12,4,9.0,0
108236,98,5,15.0,0
108237,303,3,10.0,1
108238,277,1,3.0,0
108239,5,4,8.0,0
108240,156,6,15.0,0
108241,302,5,6.0,1
108242,287,4,7.0,1
108243,182,4,11.0,0
108244,678,2,4.0,1
108245,724,4,7.0,1
108246,601,4,8.0,1
108247,349,2,2.0,1
108248,58,5,10.0,0
108249,215,5,10.0,0
108250,69,5,13.0,0
108251,144,2,4.0,0
108252,227,7,11.0,0
108253,320,6,7.0,1
108254,296,5,10.0,1
108255,292,3,6.0,1
108256,31,5,6.0,0
108257,176,6,17.0,0
108258,299,2,4.0,1
108259,27,3,9.0,0
108260,245,6,11.0,0
108261,9,7,16.0,0
108262,358,4,6.0,1
108263,528,4,7.0,1
108264,420,4,10.0,1
108265,157,8,13.0,0
108266,354,6,11.0,1
108267,172,2,6.0,0
108269,189,2,2.0,0
108270,11,10,14.0,0
108271,45,6,13.0,0
108272,294,2,3.0,1
108273,498,4,7.0,1
108274,99,2,4.0,0
108275,297,5,10.0,1
108276,577,2,5.0,1
108277,73,5,12.0,0
108278,674,2,4.0,1
108279,158,5,6.0,0
108280,168,7,13.0,0
108281,40,4,6.0,0
108282,310,4,6.0,1
108283,312,7,13.0,1
108284,182,3,7.0,0
108285,102,4,9.0,0
108286,54,8,18.0,0
108287,113,5,10.0,0
108288,427,4,6.0,1
108289,115,6,11.0,0
108290,58,7,13.0,0
108291,190,6,14.0,0
108292,307,5,7.0,1
108293,330,4,15.0,1
108294,308,9,24.0,1
108296,87,2,3.0,0
108297,98,9,15.0,0
108298,191,6,8.0,0
108299,1,2,2.0,0
108300,8,9,16.0,0
108301,417,4,10.0,1
108302,56,3,3.0,0
108303,183,6,9.0,0
108304,85,8,16.0,0
108305,58,2,3.0,0
108306,65,8,15.0,0
108307,89,3,3.0,0
108308,694,1,1.0,1
108309,117,7,15.0,0
108310,611,5,13.0,1
108311,228,10,22.0,0
108312,301,4,7.0,1
108313,197,2,2.0,0
108314,754,1,3.0,1
108315,280,5,9.0,0
108316,250,2,5.0,0
108317,663,5,10.0,1
108318,142,7,12.0,0
108319,141,6,7.0,0
108320,140,6,7.0,0
108321,201,5,9.0,0
108322,275,4,7.0,0
108323,309,4,8.0,1
108324,565,3,6.0,1
108325,37,6,10.0,0
108326,383,2,3.0,1
108327,155,8,13.0,0
108328,71,5,5.0,0
108329,441,1,1.0,1
108330,123,7,13.0,0
108331,431,2,2.0,1
108332,270,4,7.0,0
108333,343,5,13.0,1
108334,37,5,12.0,0
108335,175,4,6.0,0
108336,600,3,10.0,1
108337,15,5,9.0,0
108338,23,6,8.0,0
108339,8,4,4.0,0
108340,711,4,6.0,1
108341,179,6,9.0,0
108342,61,4,5.0,0
108343,64,5,10.0,0
108344,443,4,5.0,1
108345,136,5,10.0,0
108346,360,2,5.0,1
108347,32,4,8.0,0
108348,49,5,5.0,0
108349,115,3,5.0,0
108350,232,5,10.0,0
108351,33,5,8.0,0
108352,275,6,14.0,0
108353,158,3,8.0,0
108354,104,6,9.0,0
108355,198,7,19.0,0
108356,249,2,3.0,0
108357,110,6,10.0,0
108358,68,5,6.0,0
108359,80,4,8.0,0
108360,165,5,12.0,0
108361,45,4,11.0,0
108362,259,5,10.0,0
108363,197,5,6.0,0
108364,179,7,10.0,0
108365,175,5,15.0,0
108366,229,8,20.0,0
108367,46,7,12.0,0
108368,111,4,5.0,0
108369,311,5,6.0,1
108370,3,6,11.0,0
108371,254,6,11.0,0
108372,151,4,12.0,0
108373,230,5,11.0,0
108374,707,2,3.0,1
108375,278,3,4.0,0
108376,119,6,15.0,0
108377,45,5,5.0,0
108378,104,4,7.0,0
108379,160,5,6.0,0
108380,294,3,4.0,1
108381,183,6,10.0,0
108382,20,5,13.0,0
108383,22,10,20.0,0
108384,436,1,1.0,1
108385,32,7,9.0,0
108386,18,3,6.0,0
108387,189,5,8.0,0
108388,29,5,12.0,0
108389,81,5,12.0,0
108390,270,6,14.0,0
108391,168,11,20.0,0
108392,337,2,4.0,1
108393,316,9,16.0,1
108394,389,3,5.0,1
108395,96,6,12.0,0
108396,240,4,7.0,0
108397,96,2,3.0,0
108398,58,6,14.0,0
108399,319,3,5.0,1
108400,629,3,7.0,1
108401,32,5,11.0,0
108402,495,4,6.0,1
108403,67,7,10.0,0
108404,338,3,5.0,1
108405,197,6,11.0,0
108406,138,5,6.0,0
108407,198,8,14.0,0
108408,172,4,5.0,0
108409,82,6,10.0,0
108410,237,7,9.0,0
108411,75,6,12.0,0
108412,269,4,5.0,0
108413,61,12,27.0,0
108414,161,3,9.0,0
108415,39,2,5.0,0
108416,295,5,6.0,1
108417,338,6,13.0,1
108418,598,3,3.0,1
108419,76,6,10.0,0
108420,137,6,10.0,0
108421,453,3,8.0,1
108422,71,5,7.0,0
108423,311,5,11.0,1
108424,255,6,13.0,0
108426,72,4,9.0,0
108428,634,4,6.0,1
108429,78,6,12.0,0
108430,433,4,8.0,1
108431,286,6,11.0,0
108432,270,4,7.0,0
108433,225,3,5.0,0
108434,244,8,12.0,0
108435,81,5,12.0,0
108436,126,5,6.0,0
108437,80,7,13.0,0
108438,71,4,9.0,0
108439,256,2,3.0,0
108440,13,3,3.0,0
108441,249,3,6.0,0
108442,270,3,7.0,0
108443,45,3,5.0,0
108444,112,7,16.0,0
108445,17,4,9.0,0
108446,129,5,9.0,0
108447,135,4,5.0,0
108448,152,5,8.0,0
108449,166,7,9.0,0
108450,161,3,11.0,0
108451,466,3,5.0,1
108452,251,4,4.0,0
108453,224,3,6.0,0
108454,156,5,11.0,0
108455,82,6,14.0,0
108456,176,4,13.0,0
108457,188,6,15.0,0
108458,297,3,6.0,1
108459,12,4,10.0,0
108460,470,5,7.0,1
108461,270,2,3.0,0
108462,100,5,7.0,0
108463,645,4,8.0,1
108464,18,6,9.0,0
108465,171,5,9.0,0
108466,150,9,20.0,0
108467,239,8,17.0,0
108468,233,2,2.0,0
108469,146,4,6.0,0
108470,54,6,6.0,0
108471,281,5,7.0,0
108472,254,5,17.0,0
108473,235,8,17.0,0
108474,130,4,9.0,0
108475,390,3,2.0,1
108476,145,8,21.0,0
108477,95,7,11.0,0
108478,70,4,7.0,0
108479,267,6,14.0,0
108480,241,6,11.0,0
108481,407,2,6.0,1
108482,60,7,12.0,0
108483,284,3,4.0,0
108484,340,5,6.0,1
108485,70,8,28.0,0
108486,104,2,7.0,0
108487,11,7,18.0,0
108488,32,7,14.0,0
108489,217,6,11.0,0
108490,31,6,12.0,0
108491,345,2,3.0,1
108492,92,8,14.0,0
108493,24,10,22.0,0
108494,332,3,6.0,1
108495,295,7,16.0,1
108496,101,6,10.0,0
108497,42,5,5.0,0
108498,153,7,10.0,0
108499,335,2,3.0,1
108500,37,2,2.0,0
108501,351,7,9.0,1
108502,197,5,13.0,0
108503,69,4,6.0,0
108504,24,3,5.0,0
108505,151,4,9.0,0
108506,12,3,6.0,0
108507,388,10,16.0,1
108508,139,9,19.0,0
108509,114,2,3.0,0
108510,19,5,11.0,0
108511,696,1,2.0,1
108512,382,2,3.0,1
108513,140,6,10.0,0
108514,213,4,8.0,0
108515,15,7,10.0,0
108516,243,4,7.0,0
108517,214,6,14.0,0
108518,216,7,14.0,0
108519,258,1,1.0,0
108520,55,2,5.0,0
108521,224,4,6.0,0
108522,377,5,8.0,1
108523,517,5,7.0,1
108524,349,1,5.0,1
108525,47,6,11.0,0
108526,333,6,15.0,1
108527,534,3,7.0,1
108528,385,6,11.0,1
108529,83,5,8.0,0
108530,11,10,21.0,0
108531,19,6,11.0,0
108532,100,8,12.0,0
108533,146,5,10.0,0
108534,65,7,15.0,0
108535,366,4,9.0,1
108536,241,5,9.0,0
108537,151,6,10.0,0
108538,48,7,15.0,0
108539,150,3,4.0,0
108540,4,5,8.0,0
108541,361,3,5.0,1
108542,166,6,15.0,0
108543,364,4,8.0,1
108544,52,4,10.0,0
108545,236,3,5.0,0
108546,105,6,9.0,0
108547,172,4,8.0,0
108548,366,4,10.0,1
108549,77,4,5.0,0
108550,20,3,9.0,0
108551,260,5,10.0,0
108552,197,4,5.0,0
108553,161,9,15.0,0
108554,47,3,4.0,0
108555,224,4,4.0,0
108556,313,4,7.0,1
108557,186,3,4.0,0
108558,230,3,5.0,0
108559,134,5,6.0,0
108560,66,7,14.0,0
108561,172,4,9.0,0
108562,423,3,9.0,1
108563,61,5,12.0,0
108564,35,12,16.0,0
108565,373,6,12.0,1
108566,174,5,9.0,0
108567,214,5,6.0,0
108568,280,6,10.0,0
108569,240,4,11.0,0
108570,63,5,9.0,0
108571,109,6,12.0,0
108572,154,5,7.0,0
108573,137,7,13.0,0
108574,105,3,5.0,0
108575,839,1,4.0,1
108576,247,7,13.0,0
108577,29,3,7.0,0
108578,173,3,3.0,0
108579,555,3,4.0,1
108580,737,1,1.0,1
108582,362,4,4.0,1
108583,24,10,13.0,0
108584,138,4,8.0,0
108585,121,7,15.0,0
108586,185,5,7.0,0
108587,278,5,7.0,0
108588,231,3,6.0,0
108589,38,6,9.0,0
108590,469,3,3.0,1
108591,72,7,17.0,0
108592,239,6,10.0,0
108593,505,1,1.0,1
108594,17,3,5.0,0
108595,138,7,8.0,0
108596,283,6,11.0,0
108597,154,3,9.0,0
108598,102,6,12.0,0
108599,23,9,15.0,0
108600,344,3,6.0,1
108601,162,5,8.0,0
108602,198,3,4.0,0
108603,261,5,10.0,0
108604,318,7,7.0,1
108605,271,6,12.0,0
108606,467,4,4.0,1
108607,209,3,5.0,0
108608,161,5,7.0,0
108609,59,2,2.0,0
108610,82,7,14.0,0
108611,271,4,8.0,0
108612,164,12,23.0,0
108613,283,5,10.0,0
108614,13,3,7.0,0
108615,227,4,5.0,0
108616,266,6,16.0,0
108617,128,8,12.0,0
108618,48,6,9.0,0
108619,153,3,6.0,0
108620,24,4,7.0,0
108621,222,6,14.0,0
108622,128,7,14.0,0
108623,464,5,6.0,1
108624,193,5,6.0,0
108625,274,5,7.0,0
108626,414,4,7.0,1
108627,269,4,5.0,0
108628,283,6,15.0,0
108629,351,3,5.0,1
108630,141,5,6.0,0
108631,243,6,12.0,0
108632,190,10,21.0,0
108633,244,11,20.0,0
108634,378,8,21.0,1
108635,477,5,8.0,1
108636,13,5,10.0,0
108637,90,5,6.0,0
108638,170,10,21.0,0
108639,30,7,13.0,0
108640,63,8,13.0,0
108641,553,3,5.0,1
108642,391,1,2.0,1
108643,388,3,6.0,1
108644,6,8,12.0,0
108645,29,2,6.0,0
108646,142,5,13.0,0
108647,294,6,11.0,1
108648,444,2,3.0,1
108649,22,4,5.0,0
108650,47,3,6.0,0
108651,174,6,11.0,0
108652,80,9,20.0,0
108653,124,6,10.0,0
108654,300,4,5.0,1
108655,124,7,16.0,0
108656,27,10,19.0,0
108657,177,3,10.0,0
108658,159,6,14.0,0
108659,478,2,4.0,1
108660,56,5,12.0,0
108661,720,3,3.0,1
108662,262,8,15.0,0
108663,242,3,6.0,0
108664,305,4,7.0,1
108665,292,2,4.0,1
108666,267,5,10.0,0
108667,136,5,10.0,0
108668,212,5,13.0,0
108669,214,4,7.0,0
108670,66,8,17.0,0
108671,152,6,11.0,0
108672,115,10,26.0,0
108673,235,4,6.0,0
108674,238,5,9.0,0
108675,159,3,7.0,0
108676,274,4,4.0,0
108677,190,3,5.0,0
108678,68,6,9.0,0
108679,218,3,7.0,0
108680,166,5,12.0,0
108681,274,4,7.0,0
108682,158,2,1.0,0
108683,29,9,20.0,0
108684,282,5,7.0,0
108685,420,3,7.0,1
108686,356,6,7.0,1
108687,137,6,8.0,0
108688,193,5,9.0,0
108689,20,3,7.0,0
108690,171,3,10.0,0
108691,8,6,7.0,0
108692,251,5,10.0,0
108693,60,5,13.0,0
108694,497,4,8.0,1
108695,187,6,11.0,0
108696,199,3,6.0,0
108698,90,4,4.0,0
108699,318,5,11.0,1
108700,346,3,6.0,1
108701,74,5,11.0,0
108702,298,5,7.0,1
108703,281,3,4.0,0
108704,3,6,9.0,0
108705,105,6,15.0,0
108706,166,5,10.0,0
108707,51,6,11.0,0
108708,236,3,3.0,0
108709,36,3,7.0,0
108710,291,4,8.0,1
108711,214,3,4.0,0
108712,178,7,15.0,0
108713,312,2,14.0,1
108714,1,3,5.0,0
108715,2,11,18.0,0
108716,34,5,7.0,0
108717,95,6,10.0,0
108718,244,9,13.0,0
108719,109,4,8.0,0
108720,206,6,15.0,0
108721,406,2,2.0,1
108722,112,10,23.0,0
108723,287,1,1.0,1
108724,185,6,10.0,0
108725,171,8,15.0,0
108726,195,6,10.0,0
108727,446,5,7.0,1
108728,178,5,10.0,0
108729,112,10,22.0,0
108730,139,9,19.0,0
108731,362,4,6.0,1
108732,222,7,12.0,0
108733,245,5,10.0,0
108734,67,8,15.0,0
108735,56,4,5.0,0
108736,2,9,19.0,0
108737,196,5,12.0,0
108738,13,4,7.0,0
108739,16,10,17.0,0
108740,35,7,15.0,0
108741,429,3,9.0,1
108742,349,4,5.0,1
108743,152,10,16.0,0
108744,24,9,15.0,0
108745,62,4,5.0,0
108746,6,3,7.0,0
108747,412,4,8.0,1
108748,114,4,4.0,0
108749,48,7,11.0,0
108750,136,3,8.0,0
108751,82,3,6.0,0
108752,21,9,13.0,0
108753,325,5,7.0,1
108754,129,4,5.0,0
108755,22,5,8.0,0
108756,65,6,10.0,0
108757,142,7,14.0,0
108758,52,10,18.0,0
108759,225,11,18.0,0
108760,76,6,14.0,0
108761,114,9,13.0,0
108762,171,5,10.0,0
108763,770,2,5.0,1
108764,270,6,15.0,0
108765,558,5,7.0,1
108766,278,2,4.0,0
108767,79,8,9.0,0
108768,9,3,3.0,0
108769,73,3,3.0,0
108770,315,4,11.0,1
108771,55,4,8.0,0
108772,309,5,10.0,1
108773,416,1,3.0,1
108774,484,5,7.0,1
108775,744,3,5.0,1
108776,185,2,4.0,0
108777,245,4,8.0,0
108778,4,3,6.0,0
108779,8,6,8.0,0
108780,68,5,8.0,0
108781,229,5,9.0,0
108782,190,2,3.0,0
108783,208,2,5.0,0
108784,796,1,2.0,1
108785,219,2,6.0,0
108786,17,9,20.0,0
108787,75,9,17.0,0
108788,81,7,10.0,0
108789,362,7,18.0,1
108790,104,5,13.0,0
108791,638,1,1.0,1
108792,397,5,13.0,1
108793,334,4,6.0,1
108794,4,6,7.0,0
108795,139,2,6.0,0
108796,380,3,5.0,1
108797,168,3,4.0,0
108798,81,2,4.0,0
108799,466,3,5.0,1
108800,497,4,8.0,1
108801,117,5,11.0,0
108802,550,1,2.0,1
108803,727,1,1.0,1
108804,16,6,10.0,0
108805,180,7,14.0,0
108806,300,5,7.0,1
108807,66,4,4.0,0
108808,23,6,8.0,0
108809,80,7,9.0,0
108810,44,6,8.0,0
108811,61,5,11.0,0
108812,480,4,8.0,1
108813,406,6,17.0,1
108814,66,6,16.0,0
108815,106,10,22.0,0
108816,5,6,14.0,0
108817,166,6,11.0,0
108818,72,7,14.0,0
108819,373,4,5.0,1
108820,97,8,21.0,0
108821,155,5,10.0,0
108822,151,5,8.0,0
108823,3,6,11.0,0
108824,34,4,6.0,0
108825,254,3,7.0,0
108826,226,2,7.0,0
108827,263,4,5.0,0
108828,83,4,8.0,0
108829,86,5,7.0,0
108830,431,5,7.0,1
108831,187,5,10.0,0
108832,308,8,16.0,1
108833,574,1,1.0,1
108834,156,5,9.0,0
108835,470,2,6.0,1
108836,56,9,18.0,0
108837,396,3,11.0,1
108838,158,6,12.0,0
108839,326,6,9.0,1
108840,227,8,19.0,0
108841,20,2,2.0,0
108842,248,7,11.0,0
108843,94,4,6.0,0
108844,208,4,6.0,0
108845,37,9,11.0,0
108846,74,10,24.0,0
108847,121,4,11.0,0
108848,12,7,12.0,0
108849,169,5,11.0,0
108850,172,3,8.0,0
108851,98,4,9.0,0
108853,175,4,8.0,0
108854,14,1,2.0,0
108855,213,6,12.0,0
108856,39,5,7.0,0
108857,209,10,18.0,0
108858,259,1,1.0,0
108859,15,7,13.0,0
108860,342,3,4.0,1
108861,374,3,9.0,1
108862,15,3,4.0,0
108863,29,5,11.0,0
108864,36,9,20.0,0
108865,93,11,18.0,0
108866,22,5,6.0,0
108867,63,5,7.0,0
108868,194,7,14.0,0
108869,265,4,12.0,0
108870,12,5,15.0,0
108871,135,3,5.0,0
108872,690,1,2.0,1
108873,691,2,4.0,1
108874,281,3,4.0,0
108875,41,2,4.0,0
108876,359,3,4.0,1
108877,163,8,15.0,0
108878,89,7,9.0,0
108879,381,2,2.0,1
108880,257,4,11.0,0
108881,149,5,8.0,0
108882,34,5,10.0,0
108883,172,6,12.0,0
108884,179,5,9.0,0
108885,218,3,7.0,0
108886,156,7,17.0,0
108887,48,1,1.0,0
108888,36,7,15.0,0
108889,27,4,8.0,0
108890,17,4,5.0,0
108891,151,8,15.0,0
108892,196,5,6.0,0
108893,58,4,9.0,0
108894,605,2,3.0,1
108895,121,6,9.0,0
108896,836,2,3.0,1
108897,158,3,3.0,0
108898,647,1,2.0,1
108899,129,6,12.0,0
108900,111,5,9.0,0
108901,59,8,14.0,0
108902,276,4,7.0,0
108903,284,3,8.0,0
108904,80,1,2.0,0
108905,235,5,11.0,0
108906,21,3,6.0,0
108907,280,7,12.0,0
108908,258,3,5.0,0
108909,139,3,4.0,0
108910,253,5,12.0,0
108911,164,4,7.0,0
108912,292,4,6.0,1
108913,293,4,6.0,1
108914,26,3,4.0,0
108915,244,8,17.0,0
108916,225,5,8.0,0
108917,204,4,8.0,0
108918,53,4,8.0,0
108919,217,2,3.0,0
108920,18,5,8.0,0
108921,28,7,9.0,0
108922,98,9,12.0,0
108923,123,8,19.0,0
108924,232,1,1.0,0
108925,21,10,17.0,0
108926,135,3,5.0,0
108927,69,5,6.0,0
108928,197,3,3.0,0
108929,262,5,6.0,0
108930,191,7,13.0,0
108931,241,6,17.0,0
108932,166,7,10.0,0
108933,94,8,11.0,0
108934,315,3,4.0,1
108935,118,4,5.0,0
108936,445,4,4.0,1
108937,254,2,8.0,0
108938,138,3,5.0,0
108939,420,3,6.0,1
108940,2,10,23.0,0
108941,189,7,15.0,0
108942,123,4,5.0,0
108943,413,7,11.0,1
108944,215,2,2.0,0
108945,275,9,13.0,0
108946,173,3,6.0,0
108947,156,8,14.0,0
108948,476,3,11.0,1
108949,221,2,5.0,0
108950,201,6,16.0,0
108951,209,4,5.0,0
108952,224,6,11.0,0
108953,70,10,19.0,0
108954,238,5,8.0,0
108955,190,3,3.0,0
108956,77,5,10.0,0
108957,137,8,9.0,0
108958,101,6,9.0,0
108959,265,4,8.0,0
108960,506,2,3.0,1
108961,59,5,8.0,0
108962,88,5,6.0,0
108963,25,4,8.0,0
108964,175,7,14.0,0
108965,259,2,3.0,0
108966,56,9,20.0,0
108967,195,4,8.0,0
108968,388,5,5.0,1
108969,391,1,1.0,1
108970,15,5,9.0,0
108971,95,8,19.0,0
108972,126,5,10.0,0
108973,111,9,18.0,0
108974,68,9,19.0,0
108975,44,7,10.0,0
108976,60,4,5.0,0
108977,11,2,4.0,0
108978,13,5,7.0,0
108979,193,8,13.0,0
108980,8,4,9.0,0
108981,317,3,8.0,1
108982,84,9,17.0,0
108983,45,7,17.0,0
108984,539,5,10.0,1
108985,109,6,11.0,0
108986,291,3,6.0,1
108987,166,8,21.0,0
108988,192,5,6.0,0
108989,23,8,16.0,0
108990,19,8,17.0,0
108991,194,5,11.0,0
108992,68,6,15.0,0
108993,254,4,8.0,0
108994,335,6,13.0,1
108995,835,2,5.0,1
108996,44,8,13.0,0
108997,136,4,6.0,0
108998,67,3,8.0,0
108999,76,6,12.0,0
109000,228,7,11.0,0
109001,315,8,19.0,1
109002,72,5,10.0,0
109003,30,5,11.0,0
109004,394,5,5.0,1
109005,177,7,13.0,0
109006,443,4,6.0,1
109007,238,2,3.0,0
109008,156,4,6.0,0
109009,159,8,12.0,0
109010,65,4,5.0,0
109011,78,4,10.0,0
109012,125,7,17.0,0
109013,227,3,6.0,0
109014,54,10,25.0,0
109015,35,2,2.0,0
109016,185,6,13.0,0
109017,599,3,6.0,1
109018,49,2,5.0,0
109019,605,1,2.0,1
109020,11,4,4.0,0
109021,217,3,5.0,0
109022,28,5,11.0,0
109023,155,6,15.0,0
109024,374,5,11.0,1
109025,62,3,4.0,0
109026,195,3,4.0,0
109027,161,5,12.0,0
109028,560,4,9.0,1
109029,114,4,7.0,0
109030,93,8,19.0,0
109031,470,4,6.0,1
109032,71,5,7.0,0
109033,128,7,11.0,0
109034,380,4,5.0,1
109035,52,7,17.0,0
109036,84,1,2.0,0
109037,8,6,14.0,0
109038,60,3,5.0,0
109039,75,5,8.0,0
109040,46,2,4.0,0
109041,25,5,12.0,0
109042,227,3,7.0,0
109043,2,7,14.0,0
109044,416,3,5.0,1
109045,142,5,7.0,0
109046,586,4,8.0,1
109047,284,5,11.0,0
109048,190,10,17.0,0
109049,78,8,18.0,0
109050,277,4,5.0,0
109051,418,3,11.0,1
109052,160,5,6.0,0
109053,6,3,4.0,0
109054,120,4,4.0,0
109055,20,5,10.0,0
109056,311,3,6.0,1
109057,396,2,3.0,1
109058,112,2,4.0,0
109059,104,4,8.0,0
109060,309,6,12.0,1
109061,133,9,23.0,0
109062,378,5,10.0,1
109063,149,7,13.0,0
109064,323,5,14.0,1
109065,139,5,14.0,0
109066,25,1,4.0,0
109067,6,4,5.0,0
109068,341,4,11.0,1
109069,355,6,11.0,1
109070,149,5,14.0,0
109071,44,6,11.0,0
109072,706,3,6.0,1
109074,73,10,22.0,0
109075,105,5,8.0,0
109076,172,5,19.0,0
109077,59,3,3.0,0
109078,444,2,4.0,1
109079,172,7,14.0,0
109080,56,5,9.0,0
109081,227,6,10.0,0
109082,67,7,18.0,0
109083,211,3,10.0,0
109084,438,3,4.0,1
109085,159,4,8.0,0
109086,57,9,20.0,0
109087,277,7,13.0,0
109088,143,3,5.0,0
109089,50,6,8.0,0
109090,60,6,12.0,0
109091,178,7,15.0,0
109092,719,1,3.0,1
109093,118,8,15.0,0
109094,271,5,6.0,0
109095,89,7,10.0,0
109096,194,3,4.0,0
109097,161,3,5.0,0
109098,33,8,17.0,0
109099,235,9,13.0,0
109100,241,6,16.0,0
109101,31,3,3.0,0
109102,116,2,5.0,0
109103,30,4,6.0,0
109105,160,8,12.0,0
109106,388,1,1.0,1
109107,165,4,9.0,0
109108,166,6,7.0,0
109109,101,5,8.0,0
109110,144,4,16.0,0
109111,596,2,2.0,1
109112,21,5,6.0,0
109113,101,5,9.0,0
109114,36,4,9.0,0
109115,76,3,7.0,0
109116,305,5,6.0,1
109117,260,2,4.0,0
109118,157,3,4.0,0
109119,67,5,5.0,0
109120,134,7,12.0,0
109121,189,5,13.0,0
109122,249,5,14.0,0
109123,160,4,8.0,0
109124,666,4,5.0,1
109125,143,5,6.0,0
109126,251,6,13.0,0
109127,439,6,9.0,1
109128,36,10,20.0,0
109129,162,6,15.0,0
109130,15,9,11.0,0
109131,75,3,6.0,0
109132,145,7,19.0,0
109133,240,1,1.0,0
109134,33,7,10.0,0
109135,30,7,14.0,0
109136,401,5,9.0,1
109137,151,4,10.0,0
109138,24,8,16.0,0
109139,178,6,7.0,0
109140,218,9,17.0,0
109141,391,5,8.0,1
109142,297,6,8.0,1
109143,21,6,12.0,0
109144,536,2,2.0,1
109145,49,6,9.0,0
109146,13,6,11.0,0
109147,205,3,4.0,0
109148,219,6,17.0,0
109149,326,3,7.0,1
109150,127,8,11.0,0
109151,95,4,7.0,0
109152,63,6,18.0,0
109153,277,3,5.0,0
109154,79,6,10.0,0
109155,217,6,11.0,0
109156,38,7,11.0,0
109157,434,2,4.0,1
109158,324,5,7.0,1
109159,296,7,10.0,1
109160,112,5,9.0,0
109161,31,6,12.0,0
109162,573,2,4.0,1
109163,302,5,7.0,1
109164,159,3,5.0,0
109165,412,4,6.0,1
109166,214,4,8.0,0
109167,74,6,15.0,0
109168,288,1,3.0,1
109169,278,4,9.0,0
109170,101,5,13.0,0
109171,307,4,5.0,1
109172,197,5,9.0,0
109173,251,10,20.0,0
109174,141,8,16.0,0
109175,94,5,10.0,0
109176,214,4,11.0,0
109177,506,5,9.0,1
109178,824,1,1.0,1
109179,274,3,4.0,0
109180,170,5,10.0,0
109181,144,5,9.0,0
109182,191,8,16.0,0
109183,126,5,12.0,0
109184,239,6,9.0,0
109185,126,4,7.0,0
109186,263,9,18.0,0
109187,392,3,6.0,1
109188,207,4,7.0,0
109189,102,7,15.0,0
109190,267,7,17.0,0
109191,168,7,17.0,0
109192,152,5,9.0,0
109193,64,7,15.0,0
109194,379,4,7.0,1
109195,23,6,14.0,0
109196,157,3,7.0,0
109197,462,1,3.0,1
109198,65,4,6.0,0
109199,12,5,14.0,0
109200,208,6,12.0,0
109201,89,11,21.0,0
109202,264,4,11.0,0
109203,17,4,9.0,0
109204,408,4,5.0,1
109205,207,4,7.0,0
109206,256,8,8.0,0
109207,43,3,5.0,0
109208,155,4,9.0,0
109209,62,10,15.0,0
109210,173,5,6.0,0
109211,118,6,11.0,0
109212,151,6,8.0,0
109213,36,3,6.0,0
109214,104,4,7.0,0
109215,275,7,18.0,0
109216,184,3,11.0,0
109217,520,4,10.0,1
109218,175,7,14.0,0
109219,468,8,12.0,1
109220,441,3,3.0,1
109221,16,9,17.0,0
109222,805,2,5.0,1
109223,43,6,8.0,0
109224,23,3,6.0,0
109225,298,3,4.0,1
109226,188,6,16.0,0
109227,95,8,12.0,0
109228,348,6,16.0,1
109229,14,3,7.0,0
109230,492,4,10.0,1
109231,297,5,7.0,1
109232,122,4,8.0,0
109233,119,6,14.0,0
109234,221,4,13.0,0
109235,135,5,9.0,0
109236,295,2,7.0,1
109237,392,4,8.0,1
109238,143,5,6.0,0
109239,174,2,6.0,0
109240,328,7,10.0,1
109241,28,5,13.0,0
109242,104,5,8.0,0
109243,41,6,10.0,0
109244,119,6,11.0,0
109245,187,9,14.0,0
109246,370,3,6.0,1
109247,376,8,19.0,1
109248,67,5,9.0,0
109249,86,5,8.0,0
109250,254,5,8.0,0
109251,151,8,12.0,0
109252,481,2,2.0,1
109253,333,4,7.0,1
109254,150,5,13.0,0
109255,191,4,7.0,0
109256,112,3,6.0,0
109257,446,2,3.0,1
109258,153,4,7.0,0
109259,117,6,13.0,0
109260,644,3,7.0,1
109261,7,7,12.0,0
109262,249,3,7.0,0
109263,241,2,6.0,0
109264,65,9,15.0,0
109265,230,7,14.0,0
109266,199,6,11.0,0
109267,257,4,6.0,0
109268,181,5,6.0,0
109269,74,2,2.0,0
109270,218,6,9.0,0
109271,303,4,12.0,1
109272,116,8,12.0,0
109273,304,5,6.0,1
109274,273,4,5.0,0
109275,430,2,3.0,1
109276,29,3,4.0,0
109277,32,4,9.0,0
109278,229,3,5.0,0
109279,137,3,5.0,0
109280,103,5,17.0,0
109281,177,7,11.0,0
109282,584,3,8.0,1
109283,207,9,18.0,0
109284,214,6,12.0,0
109285,168,11,13.0,0
109286,28,9,17.0,0
109287,290,5,15.0,1
109288,157,9,16.0,0
109289,104,7,12.0,0
109290,262,5,14.0,0
109291,180,5,16.0,0
109292,48,7,12.0,0
109293,26,8,15.0,0
109294,66,10,16.0,0
109295,15,5,12.0,0
109296,223,7,10.0,0
109297,14,6,11.0,0
109298,219,4,7.0,0
109299,83,8,13.0,0
109300,68,9,23.0,0
109301,199,4,9.0,0
109302,171,6,10.0,0
109303,3,1,1.0,0
109304,417,4,9.0,1
109305,591,1,2.0,1
109306,65,4,6.0,0
109307,246,6,9.0,0
109308,425,3,4.0,1
109309,22,6,8.0,0
109310,11,7,10.0,0
109311,274,6,15.0,0
109312,165,5,13.0,0
109313,336,3,3.0,1
109314,363,1,1.0,1
109315,644,1,1.0,1
109316,23,4,5.0,0
109317,46,7,19.0,0
109318,200,4,9.0,0
109319,508,5,12.0,1
109320,755,1,4.0,1
109321,488,4,13.0,1
109322,70,4,7.0,0
109323,147,7,16.0,0
109324,34,5,13.0,0
109326,165,7,16.0,0
109327,294,7,11.0,1
109329,87,6,10.0,0
109330,220,5,15.0,0
109331,122,5,6.0,0
109332,15,8,22.0,0
109333,108,8,16.0,0
109334,271,5,8.0,0
109335,76,7,10.0,0
109336,19,9,13.0,0
109337,320,3,7.0,1
109338,59,7,19.0,0
109339,71,6,10.0,0
109340,437,2,2.0,1
109341,126,3,8.0,0
109342,150,3,5.0,0
109343,236,3,4.0,0
109344,127,11,19.0,0
109345,284,1,1.0,0
109346,600,3,5.0,1
109347,105,8,18.0,0
109348,737,3,7.0,1
109349,461,6,15.0,1
109350,181,8,18.0,0
109351,172,4,7.0,0
109352,281,2,3.0,0
109353,50,5,10.0,0
109354,28,4,6.0,0
109355,42,8,16.0,0
109356,280,4,6.0,0
109357,179,10,20.0,0
109358,306,7,15.0,1
109359,312,5,9.0,1
109360,86,5,5.0,0
109361,157,2,6.0,0
109362,131,7,11.0,0
109363,71,4,11.0,0
109364,85,4,6.0,0
109365,114,9,15.0,0
109366,34,2,8.0,0
109367,235,6,10.0,0
109368,299,7,14.0,1
109369,14,4,7.0,0
109370,186,2,4.0,0
109371,455,3,10.0,1
109372,566,3,6.0,1
109373,119,5,9.0,0
109374,410,4,5.0,1
109375,506,1,1.0,1
109376,120,5,7.0,0
109377,682,3,6.0,1
109378,269,3,5.0,0
109379,19,8,19.0,0
109380,86,5,10.0,0
109381,181,5,5.0,0
109382,249,8,13.0,0
109383,188,2,2.0,0
109384,43,4,7.0,0
109385,169,10,17.0,0
109386,364,1,1.0,1
109387,96,3,6.0,0
109388,43,4,6.0,0
109389,6,3,5.0,0
109390,6,5,12.0,0
109391,122,5,13.0,0
109392,118,5,6.0,0
109393,379,4,7.0,1
109394,35,7,15.0,0
109395,107,7,17.0,0
109396,394,7,21.0,1
109397,2,6,16.0,0
109398,21,4,5.0,0
109399,198,6,11.0,0
109400,95,4,8.0,0
109401,190,8,20.0,0
109402,256,6,10.0,0
109403,182,6,10.0,0
109404,101,9,25.0,0
109405,253,3,7.0,0
109406,36,5,12.0,0
109407,50,7,13.0,0
109408,101,8,10.0,0
109409,438,4,7.0,1
109410,277,8,17.0,0
109411,5,5,8.0,0
109412,251,6,12.0,0
109413,99,5,7.0,0
109414,185,4,9.0,0
109415,82,5,16.0,0
109416,22,5,10.0,0
109417,333,4,7.0,1
109418,304,5,7.0,1
109419,116,7,13.0,0
109420,154,8,14.0,0
109421,664,1,2.0,1
109422,442,3,4.0,1
109424,99,1,1.0,0
109425,24,3,4.0,0
109426,196,7,17.0,0
109427,175,3,4.0,0
109428,11,5,12.0,0
109429,165,4,11.0,0
109430,510,2,2.0,1
109431,230,5,9.0,0
109432,387,5,10.0,1
109433,60,9,18.0,0
109434,170,2,6.0,0
109435,65,4,9.0,0
109436,118,5,10.0,0
109437,147,5,10.0,0
109438,807,1,1.0,1
109439,117,7,10.0,0
109440,63,4,10.0,0
109441,257,4,8.0,0
109442,180,2,6.0,0
109443,55,3,4.0,0
109444,30,8,15.0,0
109445,138,4,6.0,0
109446,148,8,11.0,0
109447,130,3,4.0,0
109448,90,3,7.0,0
109449,7,7,12.0,0
109450,234,2,6.0,0
109451,119,2,5.0,0
109452,195,7,20.0,0
109453,6,5,6.0,0
109454,178,4,12.0,0
109455,3,8,15.0,0
109456,222,5,13.0,0
109457,199,4,7.0,0
109458,343,8,13.0,1
109459,400,5,6.0,1
109460,272,5,8.0,0
109461,91,6,9.0,0
109462,212,2,4.0,0
109463,164,5,9.0,0
109464,469,6,12.0,1
109465,36,6,7.0,0
109466,95,8,15.0,0
109467,293,4,7.0,1
109468,148,6,9.0,0
109469,226,6,12.0,0
109470,355,6,12.0,1
109471,24,9,14.0,0
109472,62,8,12.0,0
109473,303,4,6.0,1
109474,37,5,8.0,0
109475,104,5,11.0,0
109476,302,4,8.0,1
109477,79,6,11.0,0
109478,600,3,4.0,1
109479,281,4,6.0,0
109480,121,2,5.0,0
109481,390,6,14.0,1
109482,558,2,8.0,1
109483,344,8,13.0,1
109484,7,2,2.0,0
109485,88,6,8.0,0
109486,22,6,9.0,0
109487,847,3,6.0,1
109488,83,9,19.0,0
109489,174,8,20.0,0
109490,192,6,10.0,0
109491,336,6,17.0,1
109492,598,2,3.0,1
109493,487,2,6.0,1
109494,94,4,5.0,0
109495,252,6,11.0,0
109496,207,4,8.0,0
109497,172,3,7.0,0
109498,47,4,4.0,0
109499,45,9,21.0,0
109500,396,5,8.0,1
109501,88,5,12.0,0
109502,160,4,11.0,0
109503,335,4,6.0,1
109504,15,3,4.0,0
109505,248,3,5.0,0
109506,70,4,4.0,0
109507,281,2,6.0,0
109508,288,4,5.0,1
109509,96,5,11.0,0
109510,295,8,15.0,1
109511,192,6,10.0,0
109512,377,5,10.0,1
109513,184,5,11.0,0
109514,51,6,8.0,0
109515,516,3,6.0,1
109516,369,4,10.0,1
109517,246,4,8.0,0
109519,710,1,3.0,1
109520,29,8,16.0,0
109521,366,6,9.0,1
109522,341,2,3.0,1
109523,286,7,13.0,0
109524,260,4,7.0,0
109525,100,4,10.0,0
109526,213,1,1.0,0
109527,38,5,8.0,0
109528,695,2,3.0,1
109529,1,7,10.0,0
109530,108,7,9.0,0
109531,27,9,21.0,0
109532,98,5,6.0,0
109533,241,3,5.0,0
109534,865,1,2.0,1
109535,156,4,6.0,0
109536,176,4,6.0,0
109537,68,6,10.0,0
109538,208,7,16.0,0
109539,20,7,12.0,0
109540,292,2,3.0,1
109541,185,6,8.0,0
109542,64,6,13.0,0
109543,5,10,17.0,0
109544,163,3,6.0,0
109545,19,8,20.0,0
109546,17,7,16.0,0
109547,64,5,9.0,0
109548,70,9,16.0,0
109549,234,7,15.0,0
109550,352,8,17.0,1
109551,152,4,6.0,0
109552,318,5,10.0,1
109553,109,1,2.0,0
109554,112,5,12.0,0
109555,446,3,9.0,1
109556,169,9,15.0,0
109557,295,5,9.0,1
109558,481,1,1.0,1
109559,307,4,8.0,1
109560,206,9,12.0,0
109561,99,8,16.0,0
109562,259,8,18.0,0
109563,408,5,12.0,1
109564,138,6,8.0,0
109565,426,5,9.0,1
109566,253,8,21.0,0
109567,272,5,9.0,0
109568,214,7,11.0,0
109569,86,7,9.0,0
109570,110,7,11.0,0
109571,211,6,13.0,0
109572,41,3,4.0,0
109573,29,10,18.0,0
109574,58,4,8.0,0
109575,120,8,14.0,0
109576,357,5,13.0,1
109577,166,3,6.0,0
109578,143,6,16.0,0
109579,121,3,7.0,0
109580,450,2,2.0,1
109581,53,7,15.0,0
109582,92,7,11.0,0
109583,692,2,2.0,1
109584,246,4,8.0,0
109585,214,4,9.0,0
109586,186,8,17.0,0
109587,156,3,8.0,0
109588,315,3,5.0,1
109589,200,3,7.0,0
109590,52,5,8.0,0
109591,209,2,5.0,0
109592,11,8,17.0,0
109593,173,5,9.0,0
109594,574,1,2.0,1
109595,455,4,7.0,1
109596,5,4,7.0,0
109597,35,9,11.0,0
109598,379,4,10.0,1
109599,71,7,12.0,0
109600,253,5,9.0,0
109601,588,5,7.0,1
109602,92,7,13.0,0
109603,160,6,8.0,0
109604,99,6,9.0,0
109605,182,6,6.0,0
109606,110,5,9.0,0
109607,3,3,6.0,0
109608,90,5,7.0,0
109609,269,7,11.0,0
109610,659,2,2.0,1
109611,129,5,11.0,0
109612,35,6,11.0,0
109613,7,7,9.0,0
109614,11,6,10.0,0
109615,179,5,7.0,0
109616,101,8,16.0,0
109617,89,8,13.0,0
109618,366,5,7.0,1
109619,133,5,9.0,0
109620,284,3,5.0,0
109621,52,7,13.0,0
109622,312,7,14.0,1
109623,61,10,21.0,0
109624,317,6,11.0,1
109625,509,2,2.0,1
109626,50,10,19.0,0
109627,68,5,6.0,0
109628,115,7,16.0,0
109629,77,5,10.0,0
109630,250,6,13.0,0
109631,97,7,10.0,0
109632,68,6,16.0,0
109633,231,4,7.0,0
109634,154,7,10.0,0
109635,177,1,1.0,0
109636,246,3,4.0,0
109637,14,5,11.0,0
109638,207,6,10.0,0
109639,54,10,22.0,0
109640,408,3,4.0,1
109641,20,4,8.0,0
109642,270,7,12.0,0
109643,476,1,1.0,1
109644,189,6,9.0,0
109645,100,4,10.0,0
109646,78,6,17.0,0
109647,133,4,4.0,0
109648,194,4,9.0,0
109649,14,9,19.0,0
109650,37,4,7.0,0
109651,31,7,10.0,0
109652,198,4,10.0,0
109653,135,4,4.0,0
109654,773,2,3.0,1
109655,151,7,7.0,0
109656,83,5,11.0,0
109657,201,8,10.0,0
109658,158,5,9.0,0
109659,162,5,10.0,0
109660,853,3,4.0,1
109661,358,7,13.0,1
109662,139,9,18.0,0
109663,3,2,6.0,0
109664,137,5,13.0,0
109665,229,5,9.0,0
109666,45,7,13.0,0
109667,453,3,3.0,1
109668,302,2,6.0,1
109669,339,4,9.0,1
109670,84,5,9.0,0
109671,24,6,11.0,0
109672,430,4,9.0,1
109673,26,5,7.0,0
109674,20,9,21.0,0
109675,72,8,11.0,0
109676,314,4,6.0,1
109677,296,8,15.0,1
109678,20,8,13.0,0
109679,125,3,4.0,0
109680,74,3,6.0,0
109681,36,10,23.0,0
109682,360,8,14.0,1
109683,4,6,11.0,0
109684,238,6,9.0,0
109685,208,10,22.0,0
109686,119,4,7.0,0
109687,306,6,9.0,1
109688,163,7,13.0,0
109689,20,6,12.0,0
109690,250,5,9.0,0
109691,261,7,9.0,0
109692,4,5,10.0,0
109693,73,6,9.0,0
109694,140,1,1.0,0
109695,88,7,15.0,0
109696,43,14,29.0,0
109697,265,6,13.0,0
109698,86,5,9.0,0
109699,272,5,8.0,0
109700,220,3,4.0,0
109701,43,5,8.0,0
109702,28,10,18.0,0
109703,13,5,12.0,0
109704,590,3,3.0,1
109705,143,7,16.0,0
109706,198,4,9.0,0
109707,101,8,11.0,0
109708,60,6,6.0,0
109709,390,4,11.0,1
109710,459,2,2.0,1
109711,299,6,13.0,1
109712,245,4,8.0,0
109713,35,5,11.0,0
109714,90,8,13.0,0
109715,15,7,19.0,0
109716,360,4,8.0,1
109717,176,6,11.0,0
109718,67,9,16.0,0
109719,335,7,11.0,1
109720,223,8,12.0,0
109721,336,7,16.0,1
109722,245,4,9.0,0
109723,240,3,9.0,0
109724,97,8,13.0,0
109725,32,9,21.0,0
109726,191,9,21.0,0
109727,16,5,8.0,0
109728,98,7,7.0,0
109729,71,6,14.0,0
109730,91,2,3.0,0
109731,228,7,15.0,0
109732,202,6,13.0,0
109733,507,2,3.0,1
109734,13,2,5.0,0
109735,364,8,19.0,1
109736,128,4,5.0,0
109737,115,7,15.0,0
109738,237,5,13.0,0
109739,53,6,13.0,0
109740,360,4,5.0,1
109741,348,5,7.0,1
109742,24,1,1.0,0
109743,314,4,6.0,1
109744,16,5,12.0,0
109745,333,3,3.0,1
109746,439,1,3.0,1
109747,342,2,5.0,1
109748,179,5,9.0,0
109749,31,5,9.0,0
109750,179,7,11.0,0
109751,162,5,9.0,0
109752,67,6,11.0,0
109753,199,2,2.0,0
109754,21,4,14.0,0
109755,170,7,11.0,0
109756,165,7,13.0,0
109757,230,4,7.0,0
109758,218,4,9.0,0
109759,68,7,10.0,0
109760,523,3,3.0,1
109761,249,8,12.0,0
109762,167,7,16.0,0
109763,220,7,17.0,0
109764,395,6,8.0,1
109765,526,3,6.0,1
109766,172,5,9.0,0
109767,604,2,2.0,1
109768,11,5,8.0,0
109769,76,10,21.0,0
109770,255,3,6.0,0
109771,66,7,8.0,0
109772,19,4,8.0,0
109773,96,5,11.0,0
109775,27,4,4.0,0
109776,75,8,13.0,0
109777,827,3,4.0,1
109778,195,5,11.0,0
109779,166,8,10.0,0
109780,200,3,3.0,0
109781,72,6,11.0,0
109782,583,2,3.0,1
109783,170,5,9.0,0
109784,318,3,5.0,1
109785,8,4,6.0,0
109786,38,8,19.0,0
109787,212,5,12.0,0
109788,222,3,4.0,0
109789,250,8,14.0,0
109790,300,5,6.0,1
109791,34,4,9.0,0
109792,48,5,10.0,0
109793,112,5,9.0,0
109794,196,3,6.0,0
109795,62,8,11.0,0
109796,40,4,10.0,0
109797,148,2,8.0,0
109798,131,6,8.0,0
109799,165,7,18.0,0
109800,84,5,14.0,0
109801,48,6,11.0,0
109802,73,6,11.0,0
109803,403,5,13.0,1
109804,116,5,11.0,0
109805,284,3,3.0,0
109806,179,5,5.0,0
109807,529,2,3.0,1
109808,224,5,6.0,0
109809,52,6,8.0,0
109810,171,6,15.0,0
109811,147,5,12.0,0
109812,258,3,8.0,0
109813,108,6,12.0,0
109814,58,4,10.0,0
109815,533,4,6.0,1
109816,282,5,9.0,0
109817,201,10,19.0,0
109818,240,3,7.0,0
109819,480,4,5.0,1
109820,603,4,8.0,1
109821,153,7,9.0,0
109822,324,5,13.0,1
109823,325,4,7.0,1
109824,55,9,13.0,0
109825,38,8,14.0,0
109826,23,4,12.0,0
109827,41,5,10.0,0
109828,165,7,8.0,0
109829,172,2,5.0,0
109830,215,5,11.0,0
109831,131,5,11.0,0
109832,30,5,6.0,0
109833,97,4,7.0,0
109834,27,7,12.0,0
109835,176,5,9.0,0
109836,19,12,21.0,0
109837,155,3,6.0,0
109838,276,4,8.0,0
109839,66,4,4.0,0
109840,99,6,11.0,0
109841,18,5,11.0,0
109842,376,5,10.0,1
109843,5,7,12.0,0
109844,33,4,8.0,0
109845,841,1,2.0,1
109846,321,5,11.0,1
109847,234,9,18.0,0
109848,157,6,17.0,0
109849,75,6,10.0,0
109850,193,6,6.0,0
109851,475,2,2.0,1
109852,573,3,11.0,1
109853,222,6,11.0,0
109854,519,4,8.0,1
109855,218,4,6.0,0
109856,188,6,13.0,0
109857,60,6,12.0,0
109858,206,5,7.0,0
109859,333,2,5.0,1
109860,288,2,6.0,1
109861,44,5,11.0,0
109862,183,5,12.0,0
109863,410,6,12.0,1
109864,2,7,13.0,0
109865,179,7,10.0,0
109866,4,5,7.0,0
109867,240,5,11.0,0
109868,218,4,9.0,0
109869,228,6,11.0,0
109870,116,4,7.0,0
109871,157,6,11.0,0
109872,103,4,9.0,0
109873,84,13,24.0,0
109874,373,2,4.0,1
109875,660,5,9.0,1
109876,5,3,6.0,0
109877,363,3,3.0,1
109878,439,4,5.0,1
109879,59,3,4.0,0
109880,228,5,12.0,0
109881,232,4,6.0,0
109882,134,7,11.0,0
109883,47,10,21.0,0
109884,80,6,9.0,0
109885,167,7,11.0,0
109886,239,6,12.0,0
109887,216,4,9.0,0
109888,34,3,6.0,0
109889,3,7,20.0,0
109890,146,8,13.0,0
109891,11,5,13.0,0
109892,18,9,13.0,0
109893,61,5,7.0,0
109894,513,2,4.0,1
109895,102,8,14.0,0
109896,88,5,7.0,0
109897,314,5,8.0,1
109898,33,6,6.0,0
109899,344,7,18.0,1
109900,455,2,3.0,1
109901,118,4,9.0,0
109902,581,5,10.0,1
109903,145,5,10.0,0
109904,181,11,19.0,0
109905,182,7,15.0,0
109906,187,5,8.0,0
109907,146,4,6.0,0
109908,98,8,18.0,0
109909,503,4,12.0,1
109910,271,2,9.0,0
109911,47,6,10.0,0
109912,156,3,10.0,0
109913,496,3,7.0,1
109914,224,2,2.0,0
109915,16,7,15.0,0
109916,147,5,10.0,0
109917,32,4,10.0,0
109918,34,7,13.0,0
109919,8,7,12.0,0
109920,665,4,6.0,1
109921,20,6,13.0,0
109922,160,7,7.0,0
109923,205,5,10.0,0
109924,41,3,3.0,0
109925,319,6,11.0,1
109926,497,4,5.0,1
109927,29,5,10.0,0
109928,24,4,7.0,0
109929,51,4,6.0,0
109930,304,2,6.0,1
109931,470,5,7.0,1
109932,193,4,7.0,0
109933,145,8,20.0,0
109934,354,2,5.0,1
109935,158,5,10.0,0
109936,707,1,1.0,1
109937,251,5,11.0,0
109938,522,6,13.0,1
109939,454,3,10.0,1
109940,356,7,13.0,1
109941,235,8,16.0,0
109942,27,7,11.0,0
109943,29,9,17.0,0
109944,154,11,26.0,0
109945,339,3,5.0,1
109946,119,10,26.0,0
109947,96,7,14.0,0
109948,104,6,8.0,0
109949,240,2,6.0,0
109950,294,2,4.0,1
109951,503,3,3.0,1
109952,408,6,8.0,1
109953,99,9,21.0,0
109954,171,4,6.0,0
109955,371,6,15.0,1
109956,8,4,10.0,0
109957,105,5,8.0,0
109958,61,7,14.0,0
109959,6,4,7.0,0
109960,147,6,8.0,0
109961,608,1,3.0,1
109962,63,7,8.0,0
109963,114,7,14.0,0
109964,125,3,9.0,0
109965,158,5,7.0,0
109966,549,3,4.0,1
109967,315,5,9.0,1
109968,313,4,5.0,1
109969,28,4,10.0,0
109970,11,6,15.0,0
109971,40,7,20.0,0
109972,257,3,5.0,0
109973,290,4,11.0,1
109974,249,9,18.0,0
109975,50,6,13.0,0
109976,187,6,14.0,0
109977,520,2,3.0,1
109978,235,2,5.0,0
109979,177,7,14.0,0
109980,292,4,8.0,1
109981,119,3,5.0,0
109982,342,4,7.0,1
109983,331,4,6.0,1
109984,41,8,20.0,0
109985,288,3,10.0,1
109986,160,7,10.0,0
109987,16,7,16.0,0
109988,289,5,11.0,1
109989,227,8,19.0,0
109990,32,3,5.0,0
109991,403,6,9.0,1
109992,208,6,9.0,0
109993,157,5,11.0,0
109994,206,5,9.0,0
109995,202,8,15.0,0
109996,223,4,13.0,0
109997,168,7,17.0,0
109998,65,3,4.0,0
109999,288,6,12.0,1
110000,266,4,9.0,0
999999,56,30,49.0,0
